Time (sec) (Aii)	Si1 spike (Hz) (Aii)
-26.2668	0
0.3759	0
0.4399	2
0.5724	3
0.6359	4
0.7657	5
0.8281	6
0.9719	10.0677
1.0324	10.6639
1.1005	11.0411
1.2013	10.9048
4.5255	1
4.6459	2
5.2377	2.8082
5.3485	3.645
6.397	1
6.5072	2
6.6071	3
6.829	4
7.2233	4.841
7.5985	3.0261
7.9381	2.7978
8.0695	3.5452
8.3861	3.809
8.5357	4.2681
9.2255	2.3826
9.7679	1.8436
10.177	2.1019
10.3129	3.67
10.4455	4.4279
10.7029	4.2781
11.4718	1.3007
12.0507	1.7273
12.5196	2
12.6718	3.22
12.8139	3.9308
13.4612	3.186
13.8188	2
13.9255	3
14.029	5.2843
14.1245	6.0309
14.2306	6.4991
14.3377	6.846
14.4658	9.2738
14.5731	9.2803
14.7039	9.039
15.2846	4.2241
15.4827	3.2981
15.7372	3
15.8937	4.9253
16.0072	5.536
16.1256	5.9454
16.3126	6.0247
16.4995	6.5596
16.6313	6.711
16.8507	6.2699
17.0328	5.5116
17.1749	5.7986
17.451	5.2546
17.6365	5.0899
17.7692	5.4435
17.9243	5.6083
18.0984	5.4144
18.3468	5.5816
18.4967	5.8128
18.6746	5.5222
18.9208	5.0175
19.0756	5.1168
19.2613	5.468
19.4107	5.4708
19.5558	5.6743
19.9207	5.0007
20.0759	4.9102
20.2206	5.2119
20.3684	5.2205
20.5314	5.1253
20.7069	6.3594
20.8519	6.443
21.0262	6.3134
21.2079	6.077
21.3805	5.8886
21.5584	5.8725
21.7241	5.7332
21.908	5.6707
22.0735	5.7762
22.4341	4.5675
22.6283	4.4237
22.7982	4.4931
22.9416	4.6082
23.092	6.0796
23.3	5.7745
23.4563	6.0381
23.6105	6.1089
23.7503	6.3019
23.9866	5.5893
24.1414	5.9424
24.3291	5.7291
24.482	5.7369
24.6418	5.6083
24.818	6.0141
24.9766	6.0604
25.1434	6.1402
25.3098	6.1181
25.4954	5.8579
25.7161	5.5672
25.9627	5.0707
26.1413	5.0104
26.3613	4.6196
26.5902	4.5763
26.7887	4.8425
26.9937	4.6929
27.1429	5.1174
27.2823	5.4284
27.484	5.5936
27.6515	5.7949
27.8237	6.0239
27.97	6.1458
28.1148	6.1733
28.2694	6.0785
28.5155	5.7875
28.7125	5.6254
28.9523	5.0898
29.1379	4.6056
29.2976	5.1146
29.4594	5.297
29.6534	5.314
29.8154	5.793
30.0093	5.7377
30.2052	5.5088
30.4218	5.1952
30.6313	5.1134
30.8213	4.9265
31.0047	5.0233
31.2665	4.7357
31.4373	4.9628
31.6256	5.0285
31.7906	5.1584
31.9325	5.3889
32.131	5.7838
32.3345	5.5725
32.5181	5.6022
32.6964	5.5201
32.885	5.2493
33.0573	5.3973
33.2236	5.6236
33.3909	5.729
33.5816	5.6482
33.8818	5.0163
34.1784	4.1895
34.3662	4.1011
34.5388	4.1791
34.818	4.2727
35.0388	4.649
35.191	4.8499
35.3703	4.8103
35.6667	4.713
35.8693	4.8164
36.0233	5.0789
36.1972	4.8374
36.3459	5.1249
36.5246	5.8284
36.6856	6.1254
36.8686	6.0042
37.0372	5.9525
37.2655	5.4374
37.4532	5.3841
37.6298	5.2955
37.8041	5.345
37.9846	5.2776
38.4231	4.1241
38.6079	4.0896
38.8034	4.0026
38.9915	5.2779
39.1821	5.2702
39.38	5.2254
39.6178	4.9118
39.7947	5.0437
39.9466	5.2351
40.1176	5.3448
40.3208	5.3144
40.493	5.7126
40.6469	5.8676
40.8143	5.7627
41.0286	5.4885
41.2218	5.5495
41.4211	5.3876
41.631	5.0808
41.8273	5.0081
41.9938	5.1803
42.1601	5.3291
42.3353	5.4694
42.511	5.6816
42.8233	5.0203
43.1238	4.1503
43.3092	4.1068
43.5063	4.0188
43.6985	4.5702
43.9179	5.0373
44.1662	4.6678
44.3788	4.5847
44.5383	4.7629
44.6972	5.0067
44.8806	5.1941
45.1292	5.1918
45.3075	5.3838
45.5359	5.0124
45.7007	4.8769
45.8704	5.0515
46.0472	5.4465
46.2511	5.2991
46.4319	5.5798
46.6064	5.5211
46.7918	5.4264
47.0133	5.1754
47.1976	5.2822
47.5369	4.2988
47.7508	4.1709
47.9505	4.2681
48.1694	4.1161
48.3956	4.6581
48.6155	4.626
48.8431	4.4817
49.0578	4.5025
49.2871	4.4868
49.4859	4.5957
49.6514	4.9481
49.8293	5.0697
50.0506	5.0364
50.2594	5.1422
50.4341	5.2729
50.5986	5.2791
50.7788	5.2661
50.9444	5.5942
51.1132	5.8565
51.2971	5.794
51.4822	5.6584
51.7569	5.112
51.9532	4.7616
52.171	4.577
52.4243	4.246
52.641	4.5239
52.8436	4.4926
53.0409	4.5985
53.2744	4.7051
53.4943	4.6878
53.7019	4.6603
53.9029	4.6406
54.252	4.0917
54.4512	4.1801
54.6287	4.3156
54.8191	4.3658
54.9848	5.4585
55.1679	5.4592
55.3592	5.5067
55.5366	5.5076
55.7121	5.599
55.8971	5.4808
56.1353	5.1686
56.3473	5.0603
56.5384	4.8405
56.7462	4.7107
56.9469	4.9285
57.1441	5.0203
57.4526	4.3757
57.6809	4.2796
57.8689	4.3383
58.1243	4.0808
58.3368	4.5239
58.5529	4.5871
58.7414	4.5845
58.9689	4.736
59.1571	4.8759
59.3525	5.002
59.561	4.8805
59.791	4.8654
60.0137	4.6698
60.1976	4.7337
60.3795	4.8868
60.5504	5.0536
60.7437	5.2484
60.984	5.1532
61.1658	5.1638
61.4365	4.5142
61.6542	4.3929
61.912	4.3103
62.1019	4.2731
62.3127	4.5649
62.5097	4.6758
62.7446	4.8042
63.0172	4.3704
63.3162	3.7198
63.5414	3.7652
63.7519	4.0831
63.9608	4.2392
64.1382	4.8663
64.3291	5.0777
64.5612	4.9426
64.7816	4.8729
64.9542	5.0329
65.1557	4.839
65.348	5.0838
65.5532	5.0404
65.754	5.1421
65.9447	5.0479
66.1316	5.1238
66.3986	4.7316
66.6053	4.6987
66.8037	4.6566
66.9928	4.6445
67.1702	5.184
67.3786	5.1019
67.5687	5.1902
67.7793	5.1249
67.9969	4.8386
68.3818	3.6893
68.6212	3.5634
68.8673	3.4463
69.0458	4.5185
69.228	4.7272
69.4357	4.9115
69.7117	4.7375
69.8967	4.7006
70.077	4.7113
70.2614	4.8444
70.5299	4.8889
70.8374	4.2521
71.0225	4.2307
71.2421	4.0786
71.4512	4.3415
71.6445	4.9561
71.8322	5.0263
72.0304	5.0742
72.2354	5.0334
72.436	5.0773
72.643	5.0076
72.9232	4.4803
73.2343	4.0045
73.5126	3.4499
73.7073	3.8259
73.9098	4.0544
74.1044	4.5976
74.293	5.1259
74.5625	4.6772
74.7471	4.7769
74.9349	4.8163
75.1397	4.7238
75.3227	5.2617
75.5344	5.1446
75.718	5.1499
75.9463	4.9592
76.2828	4.1665
76.4845	4.2102
76.6964	4.0884
76.8822	4.2741
77.1019	4.8833
77.292	4.9536
77.5361	4.7638
77.7983	4.3665
78.131	3.5758
78.3386	3.7382
78.9297	2.504
79.0999	3.0961
79.294	3.14
79.6361	4.2467
79.8478	4.3566
80.0073	4.4086
80.2044	4.3935
80.4061	5.1952
80.6277	5.0423
80.8099	5.1971
81.0032	5.0205
81.1907	5.0695
81.4876	4.6516
81.6939	4.5249
81.9041	4.4396
82.0999	4.3994
82.3957	4.4052
82.67	4.0978
82.871	4.1373
83.1231	4.1242
83.4019	4.0992
83.7158	3.5508
83.9371	3.6853
84.1575	3.9702
84.3776	4.0995
84.5828	4.6141
84.7627	4.8452
84.9454	5.0767
85.329	4.2043
85.5521	4.1264
85.7529	4.0397
85.9537	4.8026
86.145	4.9019
86.3334	5.1198
86.5903	4.7761
86.8134	4.6526
87.0277	4.5315
87.3251	4.0333
87.5498	4.1689
87.8177	3.7976
88.0819	3.9642
88.3146	4.0425
88.5205	4.1211
88.7195	4.4357
88.9355	4.686
89.153	4.7713
89.4477	4.3137
89.6825	4.1536
89.9714	3.6653
90.2041	3.9664
90.3925	4.2337
90.588	4.4174
90.7701	5.0084
91.2216	3.6187
91.3938	3.7233
91.5895	3.6611
91.7692	4.0035
91.964	5.388
92.1666	5.2906
92.3623	5.1625
92.5726	5.086
92.8059	4.7507
93.0735	4.4108
93.2965	4.2815
93.5053	4.2887
93.7359	4.3014
94.222	3.2415
94.41	3.3162
94.6144	3.4149
94.821	5.0089
95.0451	4.8597
95.2473	4.7768
95.492	4.5576
95.9657	3.259
96.1542	3.3081
96.3432	3.5244
96.5615	5.035
96.7416	5.155
96.9136	5.2748
97.1824	4.7666
97.4089	4.7204
97.5955	4.6844
97.8033	4.496
97.9943	4.9267
98.2169	4.9505
98.5168	4.3417
98.9097	3.2773
99.1209	3.3186
99.3048	3.8071
99.7419	3.6049
99.9524	3.6077
100.1655	3.4855
100.3517	4.9199
100.5458	4.9762
100.7579	4.9659
101.0006	4.7898
101.1822	4.8161
101.5205	4.1036
101.8487	3.5375
102.069	3.3833
102.2621	4.0452
102.5382	4.3506
102.7809	4.291
103.177	3.2793
103.3791	3.5677
103.6759	3.3518
104.0058	3.6195
104.1979	3.664
104.3938	4.1791
104.5882	4.3848
104.7823	5.1515
105.1275	4.3028
105.5699	3.0559
105.767	3.0467
105.9878	3.4871
106.2236	4.5891
106.4591	4.4983
106.6957	4.3072
106.9425	4.1901
107.1706	4.2238
107.4933	3.7611
107.7338	3.7908
108.045	3.4308
108.2403	4.0162
108.4583	4.1452
108.7141	4.0806
108.9137	4.6049
109.1829	4.2435
109.4317	4.1091
109.6606	4.2259
109.8452	4.2941
110.0728	4.4949
110.284	4.6933
110.6787	3.5992
110.8869	3.685
111.1165	3.6037
111.3829	4.2599
111.5733	4.4714
112.1846	2.4948
112.3835	2.4683
112.5746	3
112.8245	4.6882
113.1139	4.3042
113.3562	4.1127
113.6806	3.5044
113.9022	3.8057
114.2141	3.4966
114.4383	3.9594
114.6552	4.104
114.9475	4.0904
115.1328	4.3539
115.4361	4.0088
115.646	4.0375
115.8519	4.4228
116.0452	4.3843
116.3021	4.6187
116.7315	3.4109
116.9508	3.3129
117.17	3.4569
117.3595	4.7769
117.5921	4.648
117.846	4.4679
118.3671	2.5807
118.5926	2.6791
118.7848	3.1957
119.4212	2.4135
119.6388	2.342
119.8403	3
120.0894	4.4903
120.5362	3.3429
120.7527	3.2881
120.9649	3.4266
121.1476	4.9065
121.3533	4.8953
121.5723	4.8805
121.8997	4.2786
122.1689	3.6784
122.3853	3.6899
122.8997	3.0002
123.1145	3.1725
123.6931	2.5206
123.8903	3.0283
124.4953	2.4932
124.6922	3.0028
124.8981	3
125.4454	3.1576
125.6731	3.0582
125.8548	3.1358
126.0452	5.0021
126.2434	5.0124
126.4658	5.0463
126.6711	5.0102
126.8747	4.8218
127.3025	3.5856
127.498	3.6281
127.7027	3.6233
128.2605	3.1316
128.4635	3.1073
128.6361	3.2139
128.8396	5.18
129.077	4.8986
129.3748	4.3889
129.5848	4.2163
130.134	2.6346
130.4168	2.4041
130.6651	3.7657
131.0371	3.3219
131.4864	2.4351
131.7334	2.8721
131.9158	3.4139
132.1095	4.815
132.4719	4.0591
132.8839	3.0988
133.104	3.0166
133.591	2.8287
133.7783	3.3545
133.97	3.4639
134.1936	4.9783
134.3791	5.0753
134.5772	5.07
134.8254	4.6766
135.0764	4.5313
135.3032	4.3285
135.5224	4.2319
135.7401	4.3727
136.1503	3.5416
136.3546	3.6049
136.6634	3.2494
137.077	3.2375
137.3588	2.8758
137.7403	3.0149
137.9671	3.3701
138.1772	3.6658
138.5194	3.8505
138.8825	3.2775
139.0813	3.3183
139.2621	4.0394
139.652	3.8985
139.9262	3.5508
140.1498	3.3795
140.3595	4.2401
140.5575	4.4176
140.7555	4.8233
141.2405	3.4052
141.4866	3.2288
141.7044	3.1615
141.9273	4.3684
142.2081	4.1341
142.4004	4.3772
142.9861	2.5705
143.2184	2.4452
143.4381	3
143.9922	2.5846
144.2194	2.5597
144.7313	2.7058
144.9522	3.1249
145.168	3.1628
145.3828	4.6053
145.8734	3.2566
146.0907	3.2514
146.2872	3.3168
146.7612	3.379
146.9574	3.4614
147.4875	2.7537
147.6776	3.2738
147.8621	3.3157
148.0637	5.2068
148.271	5.1054
148.776	3.2827
148.9994	3.2061
149.2118	3.1887
149.8737	2.2875
150.0873	2.2846
150.3429	3
150.6574	3.8281
151.0506	3.114
151.2521	3.2995
151.4279	3.8938
152.0018	3.1542
152.2167	3.1101
152.4075	3.0624
152.7784	3.8627
153.1268	3.2963
153.3461	3.1962
153.5422	3.9278
153.9298	3.7363
154.1235	4.0135
154.3902	3.5376
154.7658	3.5883
154.9618	3.5786
155.1614	3.8903
155.3845	4.023
155.5855	4.88
156.2345	2.3531
156.4441	2.3295
156.6519	3
157.367	2.167
157.6045	2.0995
158.2309	2.3151
158.4883	2.263
158.7572	3.8003
159.3105	2.4327
159.4846	3.0113
159.6793	3.2533
159.8719	5.3434
160.5233	2.3698
160.6914	2.4404
160.9714	3
161.2163	4.3286
161.5505	3.4921
161.7432	3.8874
162.0766	3.4874
162.4221	3.442
162.6253	3.401
163.274	2.3476
163.5007	2.2846
164.0732	2.5025
164.2655	3.0258
164.7951	2.7706
165.032	3.1291
165.7756	2.0398
165.9809	2.1076
166.5716	2.5124
166.7588	3.051
167.4554	2.2629
167.6396	2.2708
167.8147	3
168.016	5.3516
168.4192	4.1502
168.779	3.1109
168.9626	3.1691
169.1466	4.1241
169.3392	4.348
169.9233	3.1228
170.1072	3.1231
170.6445	2.7733
170.8589	3.2065
171.0518	3.1762
171.2309	5.1155
171.7854	3.2379
171.9749	3.2497
172.1748	3.1783
172.678	3.3611
172.8823	3.3061
173.1283	3.1462
173.8251	2.1214
174.0163	2.2523
174.7389	2.1888
174.9587	2.1222
175.1864	3
175.8965	2.1327
176.099	2.1913
176.2795	3
176.4969	4.9968
177.0775	3.066
177.6097	1.879
177.8285	2.6633
177.9988	3.2563
178.1979	5.1009
178.4141	4.9727
178.8814	3.3991
179.1038	3.3117
179.5649	2.9264
179.7548	3.4348
179.9457	3.5633
180.5416	3.0714
180.7484	3.0193
181.2933	2.6606
181.5325	3.0275
182.2675	2.053
182.9717	1.4201
183.7091	1.3561
184.379	1.4926
184.5416	2.4024
184.7291	3
184.9025	5.731
185.2132	4.7955
185.6676	3.1969
185.8548	3.1504
186.0474	3.5961
186.636	3.0978
186.8068	3.1511
186.9838	3.2036
187.1738	5.5784
187.7195	3.287
187.9242	3.1902
188.4607	2.6985
188.6684	3.1617
189.3565	2.2326
189.9835	1.5947
190.2078	2.3492
190.8954	2.1933
191.0914	2.2634
191.2701	3
191.7095	3.6851
192.2803	1.7518
192.6336	2.1642
193.0557	2.5795
193.2748	3.0167
193.8271	2.5925
194.0217	3.1054
194.5981	2.594
194.7622	3.2084
195.3388	2.7002
195.5161	3.2681
196.1018	2.6211
196.3043	3.1071
196.8504	2.6717
197.0496	3.1653
197.6091	2.636
197.8157	3.1077
198.4169	2.4758
199.1281	1.4061
199.3099	2.2398
199.6512	3.8236
200.0652	3.2015
200.2845	3.0781
200.913	2.359
201.7928	1.1366
202.4617	1.495
203.0141	1.8101
203.204	2.6942
203.8912	2.2803
204.0778	2.289
204.5696	2.9481
204.7757	3.3919
205.2722	2.8466
205.4816	3.2894
206.0298	2.6398
206.232	3.1258
206.8285	2.5043
207.0254	3.0134
207.6518	2.4292
207.8566	2.406
208.35	2.8644
208.5437	3.3635
209.2185	2.3028
209.93	1.4056
210.1081	2.2482
210.696	2.6109
211.3113	1.6253
211.655	2.0856
212.1157	2.4862
213.3984	1
214.1312	1.3647
214.894	1.311
215.531	1.5699
216.3736	1.1867
217.4734	1
217.6562	2
218.2228	2.6689
218.398	3.2446
218.7128	3
219.103	3.4083
219.7257	1.6058
220.3602	1.576
220.9539	1.6845
221.1588	2.5045
221.8022	2.3577
222.4467	1.5515
223.0444	1.6732
224.9538	1
225.7543	1.2492
228.9315	1
232.9022	1
263.7332	0
