mode,control_gain,n_points,mean_burst_frequency_hz,std_burst_frequency_hz,mean_cycle_excitation,std_cycle_excitation,peak_cycle_excitation,mean_gain_factor,mean_alpha_eff,mean_g_eff
direct_gmax,0.0,0,0.0,0.0,0.0004066195716457785,6.819247242996943e-5,0.0005934219736981436,1.0,0.050000000000000024,0.0006250000000000002
direct_gmax,0.12244897959183673,10,0.09776113910128706,0.0036793474397023023,0.00027872943594842793,8.373403269613855e-6,0.0006679431300484915,1.1224489795918369,0.050000000000000024,0.000701530612244898
direct_gmax,0.24489795918367346,10,0.10435372160915965,0.002987584593600593,0.0002942505415998029,1.1154714444460478e-5,0.0007405995031743594,1.2448979591836733,0.05000000000000003,0.0007780612244897957
direct_gmax,0.3673469387755102,10,0.09756382050148274,0.01944815175313641,0.00035424844069380354,2.362245458173999e-5,0.000812562614832905,1.3673469387755117,0.050000000000000024,0.0008545918367346937
direct_gmax,0.4897959183673469,10,0.09620115348946298,0.021812433468065832,0.0003949889531682905,1.8581268735946772e-5,0.000886468334163912,1.4897959183673475,0.050000000000000024,0.0009311224489795926
direct_gmax,0.6122448979591837,10,0.10558697870118863,0.012656449770677026,0.00044108961257240494,1.4831794012272052e-5,0.0009609328336378413,1.6122448979591852,0.050000000000000024,0.0010076530612244893
direct_gmax,0.7346938775510204,10,0.11223910974943756,0.008116362312780212,0.0004706029249865938,2.456652414104075e-5,0.0010342598977489716,1.734693877551021,0.05000000000000003,0.0010841836734693873
direct_gmax,0.8571428571428571,10,0.11443092060234968,0.0037476522821064417,0.0005057306837717983,2.2282757797766928e-5,0.0011074114659981747,1.8571428571428563,0.050000000000000024,0.0011607142857142858
direct_gmax,0.9795918367346939,10,0.11842475929573529,0.005092187845088613,0.0005371352002786286,2.946662204687218e-5,0.0011801728848868185,1.9795918367346936,0.05000000000000001,0.001237244897959184
direct_gmax,1.1020408163265305,10,0.12385655767996728,0.005337764569788411,0.000562602150733719,1.8393003164147246e-5,0.0012539433583704132,2.1020408163265323,0.04999999999999997,0.0013137755102040813
direct_gmax,1.2244897959183674,10,0.12544698281093014,0.0015105354387852067,0.0005852441163174391,1.635589171334889e-5,0.0013271915047875528,2.224489795918371,0.049999999999999926,0.0013903061224489791
direct_gmax,1.346938775510204,10,0.12752845309474453,0.005642629719551197,0.0006246690895365236,1.7592119643120762e-5,0.0013997854395145267,2.346938775510207,0.04999999999999995,0.0014668367346938763
direct_gmax,1.469387755102041,10,0.130632034482037,0.003460228272174526,0.0006589743004208799,1.223425029415917e-5,0.0014727731711484423,2.469387755102045,0.04999999999999994,0.0015433673469387736
direct_gmax,1.5918367346938775,10,0.1338780631626028,0.004074684213913161,0.0007018332947114241,2.5067381693545557e-5,0.0015450100318366664,2.5918367346938767,0.04999999999999993,0.0016198979591836725
direct_gmax,1.7142857142857142,10,0.13526471338377735,0.004196333141374177,0.0007421993710977545,1.2212700024752777e-5,0.0016181369071446062,2.7142857142857144,0.04999999999999994,0.001696428571428571
direct_gmax,1.836734693877551,10,0.1385971034854779,0.0035206652193295386,0.0007553895659655615,3.443407222862569e-5,0.0016913629327507073,2.8367346938775504,0.04999999999999993,0.0017729591836734698
direct_gmax,1.9591836734693877,10,0.13956366316679553,0.003938428519790317,0.0007786978155592382,2.9778489663211046e-5,0.0017645559388312058,2.959183673469389,0.04999999999999994,0.001849489795918367
direct_gmax,2.0816326530612246,10,0.14412961599862617,0.003505952648850694,0.0008215369115348422,2.8124588253730622e-5,0.0018376259567500677,3.0816326530612255,0.04999999999999994,0.0019260204081632665
direct_gmax,2.204081632653061,10,0.14540168443040666,0.0038701226256458326,0.0008522701102827053,2.6162456687583652e-5,0.0019099050839441445,3.204081632653062,0.04999999999999995,0.002002551020408166
direct_gmax,2.326530612244898,10,0.14586546416600119,0.0046045584846626485,0.000894164961611022,2.4568121147738674e-5,0.0019829378827278775,3.3265306122448983,0.049999999999999954,0.002079081632653062
direct_gmax,2.4489795918367347,10,0.15126602593148536,0.003147744131439218,0.0009115643441940189,2.3542341524998656e-5,0.0020565857338603406,3.4489795918367356,0.049999999999999954,0.0021556122448979616
direct_gmax,2.5714285714285716,10,0.14902144932492495,0.0033392434214795327,0.0009623676931950417,4.312817197127552e-5,0.0021294752977038716,3.571428571428572,0.04999999999999995,0.002232142857142859
direct_gmax,2.693877551020408,10,0.1543175040078011,0.0029381231067556195,0.0009911643924577498,2.4938920270992427e-5,0.002200983655661893,3.6938775510204094,0.049999999999999954,0.0023086734693877585
direct_gmax,2.816326530612245,10,0.15492523759340573,0.0046454173542832865,0.0010140776382536031,2.3311611377175127e-5,0.002273999888469067,3.8163265306122467,0.04999999999999995,0.0023852040816326496
direct_gmax,2.938775510204082,10,0.15642071714019093,0.0031908819873428776,0.0010364923941940493,2.54781537408433e-5,0.0023468710678153887,3.938775510204084,0.04999999999999996,0.0024617346938775493
direct_gmax,3.061224489795918,10,0.15763218598033216,0.004349758030151043,0.0010741267853408415,6.76005202309721e-5,0.0024190793207355807,4.061224489795917,0.04999999999999996,0.0025382653061224473
direct_gmax,3.183673469387755,10,0.16170478692545942,0.004376371548532446,0.001096896379537057,6.1006237499185925e-5,0.0024924974206866025,4.1836734693877515,0.04999999999999996,0.0026147959183673458
direct_gmax,3.306122448979592,10,0.15970140170698655,0.0036161730789102606,0.001112868783499095,3.147211054934141e-5,0.0025665607222130726,4.306122448979588,0.049999999999999975,0.0026913265306122438
direct_gmax,3.4285714285714284,10,0.1630733432647712,0.0038457537577688858,0.0011842997174635714,5.230465788095959e-5,0.002637937557518419,4.428571428571425,0.049999999999999975,0.0027678571428571414
direct_gmax,3.5510204081632653,10,0.16382237005228262,0.004277232721884837,0.0011803079674489992,6.04470589816555e-5,0.0027107964460369367,4.551020408163263,0.04999999999999996,0.002844387755102039
direct_gmax,3.673469387755102,10,0.1640157514921978,0.002976607467611356,0.001213368182602563,3.2166899590275566e-5,0.0027833321019703834,4.673469387755099,0.049999999999999954,0.0029209183673469395
direct_gmax,3.795918367346939,10,0.1657717549924794,0.004761925304384176,0.001241753326919208,5.712126222302835e-5,0.0028563807154127828,4.795918367346936,0.049999999999999975,0.0029974489795918375
direct_gmax,3.9183673469387754,10,0.16825328633725328,0.00333727371709152,0.001292802870091612,3.612589764185131e-5,0.0029276408465337077,4.918367346938773,0.04999999999999997,0.003073979591836734
direct_gmax,4.040816326530612,10,0.17005998057207383,0.004272653203103833,0.0013003378902061654,3.76015587938492e-5,0.003001716948760344,5.040816326530609,0.049999999999999975,0.0031505102040816314
direct_gmax,4.163265306122449,10,0.1697763434945632,0.004515871383491962,0.0013407888507421905,4.0294253259626525e-5,0.0030737912956923055,5.163265306122446,0.04999999999999997,0.0032270408163265303
direct_gmax,4.285714285714286,10,0.17288440796443738,0.005908352654515693,0.0013360288617825277,5.151827472911256e-5,0.003146226066601867,5.285714285714284,0.04999999999999997,0.003303571428571431
direct_gmax,4.408163265306122,10,0.17022422247831512,0.004595424701658458,0.0013878220791747734,7.217505210213094e-5,0.0032199933897025476,5.408163265306116,0.04999999999999997,0.0033801020408163254
direct_gmax,4.530612244897959,10,0.17363822563992007,0.0038406825619733596,0.0014171927336027131,3.0667537318469764e-5,0.0032916387608213247,5.530612244897953,0.049999999999999975,0.003456632653061229
direct_gmax,4.653061224489796,10,0.17343198935968868,0.0032853997666920363,0.0014619663023799827,5.2851337827811806e-5,0.003364786987484747,5.6530612244897895,0.04999999999999996,0.0035331632653061197
direct_gmax,4.775510204081633,10,0.1751312020717241,0.004295267939709809,0.0014711351732437901,5.575042704046582e-5,0.0034361185808757843,5.7755102040816295,0.049999999999999975,0.0036096938775510208
direct_gmax,4.8979591836734695,10,0.17629938752214314,0.0048962086640472495,0.0015012556582797195,5.0511286698097064e-5,0.0035095681830722447,5.897959183673465,0.049999999999999975,0.003686224489795914
direct_gmax,5.020408163265306,10,0.17584922371851255,0.0038861062101532254,0.0015482998685732942,5.352993224880972e-5,0.0035804341002344114,6.020408163265303,0.049999999999999975,0.0037627551020408185
direct_gmax,5.142857142857143,10,0.17909856419695544,0.004315019799142786,0.0015497427359214204,6.0008786212906626e-5,0.0036518154896762966,6.142857142857138,0.049999999999999975,0.0038392857142857126
direct_gmax,5.26530612244898,10,0.17917235498872663,0.003833507518938849,0.001577163240348911,6.691106371055267e-5,0.0037250330666424797,6.265306122448979,0.049999999999999975,0.003915816326530613
direct_gmax,5.387755102040816,10,0.18424040962844734,0.003546371944565134,0.0016033424197496027,5.5249779505451316e-5,0.0037968857576362687,6.387755102040812,0.049999999999999975,0.003992346938775511
direct_gmax,5.510204081632653,10,0.18320095722343474,0.004377017739567927,0.0016017138203992503,5.3970162858126704e-5,0.0038690744804406397,6.5102040816326525,0.049999999999999975,0.004068877551020413
direct_gmax,5.63265306122449,10,0.18422333956765197,0.003809234534649987,0.0016235517771701878,5.639628481875468e-5,0.003944326426478776,6.632653061224485,0.049999999999999975,0.004145408163265306
direct_gmax,5.755102040816326,10,0.1843207565110921,0.0035114613913352364,0.0016679000670649087,6.438303098169133e-5,0.004017328379392003,6.755102040816327,0.04999999999999998,0.004221938775510199
direct_gmax,5.877551020408164,10,0.18479834017605745,0.004661621988931553,0.0017082110929910956,4.141410616000699e-5,0.00408960103273003,6.87755102040816,0.049999999999999975,0.004298469387755107
direct_gmax,6.0,10,0.1850128753026734,0.004027843500177493,0.0017565191381183408,4.430142265246356e-5,0.004163148130080447,7.0,0.049999999999999975,0.004374999999999999
presynaptic,0.0,0,0.0,0.0,1.096906799031142e-7,1.6966682974263364e-7,5.470971728740195e-6,1.0,0.011000000000000003,0.0010000000000000005
presynaptic,0.1016949152542373,0,0.0,0.0,1.3919310696699071e-7,7.113631821307173e-7,2.3380901789039757e-5,1.001564865234309,0.011017213517577402,0.0010000000000000005
presynaptic,0.2033898305084746,0,0.0,0.0,1.804465878095481e-7,1.9267984609861533e-6,8.883958017484857e-5,1.003129752400849,0.011034427276409329,0.0010000000000000005
presynaptic,0.3050847457627119,0,0.0,0.0,2.509310783183059e-7,3.467128318431568e-6,0.0001858614014388015,1.004694723447188,0.011051641957919063,0.0010000000000000005
presynaptic,0.4067796610169492,0,0.0,0.0,3.0276461397588095e-7,4.631946677502245e-6,0.00023726275112306752,1.0062595744508416,0.011068855318959252,0.0010000000000000005
presynaptic,0.5084745762711864,0,0.0,0.0,3.782970081241725e-7,6.40375394902157e-6,0.0003147092922833949,1.0078243511756801,0.011086067862932487,0.0010000000000000005
presynaptic,0.6101694915254238,0,0.0,0.0,4.4084630552612744e-7,7.870838416734779e-6,0.0003756210100230349,1.009389106913953,0.011103280176053484,0.0010000000000000005
presynaptic,0.711864406779661,0,0.0,0.0,5.590277928960393e-7,9.884039133818447e-6,0.00045664326606418074,1.0109541544070626,0.011120495698477692,0.0010000000000000005
presynaptic,0.8135593220338984,0,0.0,0.0,6.316404791405818e-7,1.0930545692809211e-5,0.0004834155284131589,1.0125192104326455,0.011137711314759088,0.0010000000000000005
presynaptic,0.9152542372881356,0,0.0,0.0,8.088609612782677e-7,1.3816923200963536e-5,0.0005576378152360662,1.0140837186871694,0.011154920905558863,0.0010000000000000005
presynaptic,1.0169491525423728,0,0.0,0.0,8.988174373122807e-7,1.527212823775024e-5,0.0005919282633262019,1.0156490251894386,0.01117213927708383,0.0010000000000000005
presynaptic,1.11864406779661,0,0.0,0.0,7.882076468374879e-7,1.355339641276191e-5,0.0006152016769617127,1.0172137649117126,0.01118935141402885,0.0010000000000000005
presynaptic,1.2203389830508475,0,0.0,0.0,9.465342832093926e-7,1.591862650270734e-5,0.0006567420613506011,1.0187784581410346,0.011206563039551391,0.0010000000000000005
presynaptic,1.3220338983050848,0,0.0,0.0,1.0364915380986892e-6,1.7097227386408882e-5,0.0006919098820298855,1.020343786961737,0.011223781656579116,0.0010000000000000005
presynaptic,1.423728813559322,0,0.0,0.0,1.1230927008258977e-6,1.8925247426562968e-5,0.0007077492214474781,1.021907852187231,0.011240986374059524,0.0010000000000000005
presynaptic,1.5254237288135593,0,0.0,0.0,1.0894677652461117e-6,1.9679362597505656e-5,0.0007308027495188788,1.0234735125908612,0.011258208638499472,0.0010000000000000005
presynaptic,1.6271186440677967,0,0.0,0.0,1.2463452531837968e-6,2.019433439736191e-5,0.0007500225842587885,1.0250384103878292,0.011275422514266118,0.0010000000000000005
presynaptic,1.728813559322034,0,0.0,0.0,1.3554540446490618e-6,2.1801803055143847e-5,0.0007697170612978931,1.0266030123136696,0.01129263313545037,0.0010000000000000005
presynaptic,1.8305084745762712,0,0.0,0.0,1.4686287311399768e-6,2.2922115207811446e-5,0.0007880905162069432,1.0281680381556932,0.01130984841971262,0.0010000000000000005
presynaptic,1.9322033898305084,0,0.0,0.0,1.6081901512080045e-6,2.3583537273791206e-5,0.0008040099377415113,1.0297326037065861,0.011327058640772436,0.0010000000000000005
presynaptic,2.0338983050847457,0,0.0,0.0,1.2902515737373032e-6,2.1898334939832206e-5,0.0008154607760062389,1.0312973500540559,0.011344270850594605,0.0010000000000000005
presynaptic,2.135593220338983,0,0.0,0.0,1.439611470283921e-6,2.132610117254228e-5,0.0008273078665402555,1.0328628244534404,0.011361491068987845,0.0010000000000000005
presynaptic,2.23728813559322,0,0.0,0.0,1.7272253305611116e-6,2.5458986516602982e-5,0.0008379453982710943,1.0344276114721853,0.01137870372619404,0.0010000000000000005
presynaptic,2.3389830508474576,0,0.0,0.0,1.8076540546617892e-6,2.497878379869033e-5,0.0008473902685238017,1.0359918448528735,0.01139591029338161,0.0010000000000000005
presynaptic,2.440677966101695,0,0.0,0.0,1.9003807610866792e-6,2.6524430741842008e-5,0.0008557134167431856,1.0375577268902687,0.011413134995792957,0.0010000000000000005
presynaptic,2.542372881355932,0,0.0,0.0,2.061518163435639e-6,2.8064105742255092e-5,0.0008636961585959187,1.039122229209616,0.011430344521305782,0.0010000000000000005
presynaptic,2.6440677966101696,0,0.0,0.0,2.1413037997613963e-6,2.9539240953463338e-5,0.0008738688140933529,1.0406872679568449,0.011447559947525282,0.0010000000000000005
presynaptic,2.7457627118644066,0,0.0,0.0,2.1490730055002023e-6,2.8491616072641248e-5,0.0008802078351191313,1.0422515634742564,0.01146476719821682,0.0010000000000000005
presynaptic,2.847457627118644,0,0.0,0.0,2.2928303177837325e-6,3.083710540145319e-5,0.000886207107160291,1.043816133212264,0.011481977465334907,0.0010000000000000005
presynaptic,2.9491525423728815,0,0.0,0.0,2.4569018248256403e-6,3.158448927500061e-5,0.0008923758491653093,1.0453814033818123,0.011499195437199936,0.0010000000000000005
presynaptic,3.0508474576271185,0,0.0,0.0,2.4611888555262355e-6,3.215286293126386e-5,0.0008981373315620058,1.046944236293833,0.011516386599232155,0.0010000000000000005
presynaptic,3.152542372881356,0,0.0,0.0,2.8093245364051515e-6,3.4792339575230106e-5,0.0009024946969437402,1.0485121054454323,0.01153363315989975,0.0010000000000000005
presynaptic,3.2542372881355934,0,0.0,0.0,2.708428278807346e-6,3.358913330524928e-5,0.0009067460470796869,1.050075561328917,0.011550831174618094,0.0010000000000000005
presynaptic,3.3559322033898304,0,0.0,0.0,2.8800943826563645e-6,3.535441709096501e-5,0.0009108280393056394,1.0516417818741657,0.011568059600615828,0.0010000000000000005
presynaptic,3.457627118644068,0,0.0,0.0,2.8732631638237285e-6,3.515739968824612e-5,0.000914704756665333,1.0532061919649351,0.011585268111614283,0.0010000000000000005
presynaptic,3.559322033898305,10,0.11101214972641844,0.031078143727042463,0.00015497552182229822,3.159173433004531e-5,0.0007793353548838062,4.03088043224491,0.04433968475469399,0.0010000000000000007
presynaptic,3.6610169491525424,10,0.10917243952332085,0.028583056327815073,0.0001604494276857972,5.0159054921131816e-5,0.0007239927622572242,4.109114919555539,0.04520026411511093,0.0010000000000000007
presynaptic,3.76271186440678,10,0.1132998778286117,0.03008201907400834,0.00016629089988473935,4.035796207586305e-5,0.000752852337247353,4.21208035562938,0.04633288391192319,0.0010000000000000009
presynaptic,3.864406779661017,10,0.11625396009505069,0.029616557925798547,0.00015971104613273,2.8431909597144136e-5,0.0007622337085455677,4.3070926660610365,0.04737801932667139,0.0010000000000000009
presynaptic,3.9661016949152543,10,0.11771829517766305,0.021106825647693537,0.00018636422397066667,4.3109240542373e-5,0.0007817050604936417,4.3974403814502026,0.04837184419595224,0.0010000000000000009
presynaptic,4.067796610169491,10,0.11852895167776809,0.02129638737591321,0.0001559753749437914,3.6976247125821596e-5,0.0007465144292948587,4.492427063570821,0.04941669769927903,0.0010000000000000009
presynaptic,4.169491525423729,10,0.12037649931852872,0.019882524263088716,0.00016084272728931155,3.7625938869785925e-5,0.0007381767769372235,4.585527047735015,0.050440797525085165,0.0010000000000000007
presynaptic,4.271186440677966,10,0.1281722771868667,0.02055244743772951,0.000174996837386773,5.103120568930086e-5,0.0007813578689145585,4.695922834699283,0.05165515118169213,0.0010000000000000009
presynaptic,4.372881355932203,10,0.13261377234136595,0.017651403313773784,0.00017800519903915654,4.112233838586816e-5,0.0007987000443930574,4.8047842540716585,0.052852626794788235,0.0010000000000000007
presynaptic,4.47457627118644,10,0.1313815691519284,0.01513723786148813,0.00016119111811403752,2.318181308257336e-5,0.0007634744747018358,4.884679979857055,0.053731479778427606,0.0010000000000000007
presynaptic,4.576271186440678,10,0.13993517684438958,0.016851020168064196,0.0001962024502902739,3.6620904860694834e-5,0.0008205839463957901,4.993866522052393,0.05493253174257632,0.0010000000000000007
presynaptic,4.677966101694915,10,0.1409365744689032,0.013699954494223622,0.00019824401926136326,4.918484658195272e-5,0.0007995220426765387,5.082400309420547,0.055906403403626015,0.0010000000000000005
presynaptic,4.779661016949152,10,0.14032408828653067,0.0148889251811583,0.00021623653904375307,3.590003299136769e-5,0.0008327638582659178,5.169823301158804,0.05686805631274683,0.0010000000000000009
presynaptic,4.88135593220339,10,0.14540162974870946,0.013803760946045067,0.00021908029138679652,2.272007037487102e-5,0.0008596193193522279,5.269027986312407,0.05795930784943648,0.0010000000000000009
presynaptic,4.983050847457627,10,0.1446076643961328,0.01376081108679418,0.0002216076304843399,3.3157252544563544e-5,0.0008572573617785191,5.354277008935389,0.05889704709828928,0.0010000000000000007
presynaptic,5.084745762711864,10,0.14930812336652127,0.013526933120439972,0.00021935468768471007,3.3049805062174594e-5,0.0008649735748806937,5.4544786819214375,0.05999926550113581,0.0010000000000000007
presynaptic,5.186440677966102,10,0.1527067574234481,0.016490159611292472,0.00021023270424621156,4.6468421390934824e-5,0.0008410386780675174,5.55379267507042,0.06109171942577463,0.0010000000000000009
presynaptic,5.288135593220339,10,0.1492490084729135,0.016485500782606636,0.00022116363001472656,3.105380763230511e-5,0.0008695734978172188,5.6330447113793625,0.06196349182517298,0.0010000000000000009
presynaptic,5.389830508474576,10,0.15280673518215163,0.015167354225278698,0.00020831082556583527,4.6312499823946276e-5,0.0008597890207624635,5.731416611973751,0.06304558273171125,0.0010000000000000009
presynaptic,5.491525423728813,10,0.15757218584896665,0.011403996225583156,0.00021960622111177392,4.040876389808756e-5,0.0008719829519029859,5.827913308788139,0.06410704639666952,0.0010000000000000009
presynaptic,5.593220338983051,10,0.1612360328339162,0.008958486677388916,0.0002330243514673452,3.1462522979455604e-5,0.0008953753401135577,5.924666745185055,0.06517133419703561,0.0010000000000000009
presynaptic,5.694915254237288,10,0.15976413178882415,0.01212319863606614,0.0002336436543308671,3.5319481222637576e-5,0.0008969036595486589,6.014910763971988,0.06616401840369188,0.0010000000000000007
presynaptic,5.796610169491525,10,0.1619957613250605,0.014292228382968229,0.00024216281092462972,3.563589973489906e-5,0.0008901750263935925,6.109327283904881,0.06720260012295372,0.0010000000000000009
presynaptic,5.898305084745763,10,0.16463470052879542,0.012464636437213393,0.00022944356795165776,4.31372196231266e-5,0.0008847736390564754,6.201695387778113,0.06821864926555923,0.0010000000000000007
presynaptic,6.0,10,0.16345370690288344,0.010272548470977355,0.00023258657060598785,4.244180001366286e-5,0.0008943011081441254,6.288646625178262,0.06917511287696088,0.0010000000000000007
postsynaptic,0.0,0,0.0,0.0,0.0004066195716457785,6.819247242996943e-5,0.0005934219736981436,1.0,0.050000000000000024,0.0006250000000000002
postsynaptic,0.12244897959183673,10,0.09720907562186301,0.004659530310588101,0.0002489593112698466,4.454593830040099e-6,0.0005951147609952979,1.0000470960055183,0.05000000000000003,0.000625029435003449
postsynaptic,0.24489795918367346,10,0.09112715979527741,0.002887860004768107,0.0002554311991001247,4.717737307739536e-6,0.0005953409346666838,1.000341418890206,0.049999999999999975,0.0006252133868063787
postsynaptic,0.3673469387755102,10,0.09006327853061971,0.0030512629187328727,0.0002539971423557019,5.076249295859854e-6,0.0005959124909682577,1.0007660953695383,0.04999999999999998,0.0006254788096059614
postsynaptic,0.4897959183673469,10,0.07561027464391135,0.022536342860383436,0.0003096071674576575,5.350027122637188e-5,0.0007270154444943427,1.205446161593086,0.05000000000000001,0.0007534038509956788
postsynaptic,0.6122448979591837,10,0.08544260544197682,0.02354802181464001,0.00036058953504839277,4.518043526299062e-5,0.0008286645305607323,1.3692791258245347,0.050000000000000024,0.0008557994536403341
postsynaptic,0.7346938775510204,10,0.10598985329492813,0.005939859064634266,0.00043888641544487743,2.2234504475665222e-5,0.000953153270160752,1.5841541562156036,0.05000000000000003,0.0009900963476347524
postsynaptic,0.8571428571428571,10,0.1120743564502606,0.005117623896212233,0.000459868797169217,3.1062196747324557e-5,0.001021165575692544,1.6994867411094723,0.05000000000000003,0.00106217921319342
postsynaptic,0.9795918367346939,10,0.11330605725167205,0.0021478490863556096,0.0004918312321232474,2.56438383740374e-5,0.0010870792584784723,1.8090873792675164,0.05000000000000003,0.0011306796120421978
postsynaptic,1.1020408163265305,10,0.11956634521030347,0.0035458533040846354,0.0005208304768359054,2.764151641387089e-5,0.001155471641485462,1.9220516518064918,0.05000000000000001,0.0012012822823790573
postsynaptic,1.2244897959183674,10,0.12324902789373324,0.004031413108345337,0.000547320311553428,3.0246748613311e-5,0.0012203044414720253,2.031980690316409,0.049999999999999975,0.0012699879314477553
postsynaptic,1.346938775510204,10,0.1253884998145668,0.0036131567167539125,0.0005888471465654264,2.935116923486243e-5,0.0012864542603086265,2.1411008160451326,0.049999999999999954,0.001338188010028208
postsynaptic,1.469387755102041,10,0.1268454761860194,0.0024265276500604377,0.0005978299834128481,2.7675009170544436e-5,0.0013530800160793208,2.251502304962026,0.04999999999999993,0.0014071889406012666
postsynaptic,1.5918367346938775,10,0.12738313270880572,0.003937414060339874,0.0006265861504150525,3.497118580307737e-5,0.0014164131133426396,2.358785793986316,0.04999999999999995,0.0014742411212414473
postsynaptic,1.7142857142857142,10,0.13047217363733424,0.0030074697698240305,0.0006611784498869223,2.8801293193200628e-5,0.0014839006960062579,2.470441661649303,0.04999999999999993,0.0015440260385308146
postsynaptic,1.836734693877551,10,0.13181080505141396,0.0026412381095515776,0.0006960528300875917,3.282950037678353e-5,0.0015486792671539616,2.5785158979441154,0.04999999999999993,0.0016115724362150718
postsynaptic,1.9591836734693877,10,0.1359576912291782,0.0030160628241248273,0.0007189339317901146,3.314077328116881e-5,0.0016165562130432752,2.68957174472382,0.04999999999999994,0.0016809823404523873
postsynaptic,2.0816326530612246,10,0.13750587741412723,0.002968430207702323,0.0007668596336018684,3.452830851176118e-5,0.0016838607307136765,2.8010915216217707,0.04999999999999994,0.001750682201013606
postsynaptic,2.204081632653061,10,0.13975819048114416,0.004478032520380227,0.0008066984435880222,3.9942613865252384e-5,0.0017499826268728331,2.9132223115853293,0.04999999999999995,0.0018207639447408303
postsynaptic,2.326530612244898,10,0.1404908303577582,0.002825798774835437,0.0007879655636581091,3.496721383479382e-5,0.001815711032062114,3.020264381689265,0.04999999999999994,0.0018876652385557912
postsynaptic,2.4489795918367347,10,0.14283577798723965,0.0038821868999299116,0.000840504411515386,4.6473674745644246e-5,0.0018813133881456744,3.1337821040594185,0.04999999999999995,0.0019586138150371364
postsynaptic,2.5714285714285716,10,0.14337960844577177,0.004944961010715263,0.0008664425756632574,3.2063793736198914e-5,0.0019436080061254676,3.2414320405637085,0.04999999999999995,0.0020258950253523177
postsynaptic,2.693877551020408,10,0.14483963869066893,0.0031236908374755535,0.0008929484837155129,4.6782621342892455e-5,0.0020164403152561406,3.352547622340895,0.04999999999999996,0.0020953422639630593
postsynaptic,2.816326530612245,10,0.14824832922922052,0.003885098296156251,0.0009287068772498221,4.813365412204561e-5,0.002077366327534895,3.4624515481686338,0.049999999999999954,0.002164032217605396
postsynaptic,2.938775510204082,10,0.15105062401882846,0.0036776046429791162,0.0009396854938067756,4.964123194812633e-5,0.002149501902772467,3.5761379215020677,0.04999999999999995,0.002235086200938793
postsynaptic,3.061224489795918,10,0.15265459428966727,0.002841271492250478,0.0009790127565945668,3.056166306671158e-5,0.0022110507809496188,3.6856773217578094,0.04999999999999995,0.0023035483260986306
postsynaptic,3.183673469387755,10,0.1570140867451914,0.004583354784650247,0.0009958923180303266,4.612440948170959e-5,0.002279764926893777,3.801335045877965,0.04999999999999996,0.0023758344036737275
postsynaptic,3.306122448979592,10,0.15546223763802733,0.005175664609933003,0.0010443568219757253,3.3851635325603946e-5,0.0023459805446514837,3.910399031180689,0.04999999999999996,0.002443999394487931
postsynaptic,3.4285714285714284,10,0.1550350219512888,0.004137065171837073,0.001069823862026764,6.412319250285595e-5,0.002412016798259179,4.020123412868478,0.049999999999999954,0.0025125771330427988
postsynaptic,3.5510204081632653,10,0.16174132005636913,0.0051289324999316864,0.0010873081027573885,4.512889845181823e-5,0.002479499637947574,4.138695479683707,0.049999999999999975,0.002586684674802317
postsynaptic,3.673469387755102,10,0.16063978851323157,0.006586939568149579,0.001113259132544106,3.0583530766190976e-5,0.002541604496437244,4.242775100969231,0.04999999999999996,0.002651734438105769
postsynaptic,3.795918367346939,10,0.16135991962748858,0.004615491298244489,0.0011396146772013611,5.492554554722695e-5,0.0026099174056365654,4.352183367349797,0.04999999999999997,0.002720114604593623
postsynaptic,3.9183673469387754,10,0.16319953405190007,0.002525593329512247,0.0011525567105557016,5.3304634789280734e-5,0.0026754498480091827,4.464568846910997,0.04999999999999997,0.002790355529319373
postsynaptic,4.040816326530612,10,0.16469784454957279,0.004481177137671891,0.0011822151380567704,6.371245904939983e-5,0.0027391296026119966,4.573573429262227,0.04999999999999996,0.0028584833932888917
postsynaptic,4.163265306122449,10,0.16292000499128168,0.0042663342446075765,0.0012214083382082511,6.330197387870218e-5,0.0028077314169681266,4.684883803986205,0.049999999999999975,0.0029280523774913784
postsynaptic,4.285714285714286,10,0.16908272745935665,0.006407472065771873,0.001226521631984337,5.5472636336157365e-5,0.0028728404521032196,4.802900778333408,0.049999999999999975,0.0030018129864583807
postsynaptic,4.408163265306122,10,0.16831811111097122,0.005264322041754013,0.0012617414718258638,5.7837316669107876e-5,0.0029392153648966973,4.905829783338869,0.04999999999999997,0.0030661436145867933
postsynaptic,4.530612244897959,10,0.17220601236430136,0.0035056132583114073,0.0012683952877948004,6.663123231622742e-5,0.0030061057545222097,5.024599146115177,0.049999999999999975,0.0031403744663219867
postsynaptic,4.653061224489796,10,0.17230405693112436,0.005992068630346483,0.0013164807393551711,8.471965242440516e-5,0.003068443445875983,5.1326978436501935,0.049999999999999975,0.003207936152281372
postsynaptic,4.775510204081633,10,0.17300154606486487,0.004231447958730884,0.001345661911719205,6.727392531650367e-5,0.003136078023600318,5.246519338663538,0.04999999999999997,0.003279074586664712
postsynaptic,4.8979591836734695,10,0.17271506707098797,0.005349633076194435,0.001368711288923342,3.3395686513655624e-5,0.0032008103332448745,5.356800911944825,0.04999999999999998,0.003348000569965517
postsynaptic,5.020408163265306,10,0.17391498590212265,0.005402043260433023,0.0014067392843607246,5.61169711873217e-5,0.0032737331277428667,5.468214832852747,0.049999999999999975,0.003417634270532967
postsynaptic,5.142857142857143,10,0.17308985329171178,0.0025157639720340998,0.0014214454770206412,6.532498992007961e-5,0.0033345543292277657,5.572706450009296,0.049999999999999975,0.003482941531255811
postsynaptic,5.26530612244898,10,0.17625990035311345,0.009275547183923307,0.0014544217773909598,4.8964311463309504e-5,0.0034026955675353168,5.690704841642384,0.049999999999999975,0.003556690526026491
postsynaptic,5.387755102040816,10,0.1758085748545654,0.004163210409543411,0.0014621592059790814,6.87426632121922e-5,0.00346526672082546,5.79746319849522,0.04999999999999997,0.003623414499059512
postsynaptic,5.510204081632653,10,0.1803650196373648,0.007151852891611245,0.001489906071172911,6.470768527093937e-5,0.0035311007517502347,5.913855202465507,0.049999999999999975,0.003696159501540943
postsynaptic,5.63265306122449,10,0.1772590456200241,0.003333682120452467,0.0015395077807020823,8.902279045970934e-5,0.0036023323313171306,6.019860823634454,0.04999999999999998,0.003762413014771534
postsynaptic,5.755102040816326,10,0.17761818728177164,0.002287501101486665,0.001561567630747422,7.567679905628053e-5,0.0036683849662232488,6.129294050653222,0.049999999999999975,0.003830808781658265
postsynaptic,5.877551020408164,10,0.1786710295709472,0.003633656350972593,0.001589642542882936,9.257724321843598e-5,0.003725960067620263,6.239356080983258,0.04999999999999998,0.0038995975506145365
postsynaptic,6.0,10,0.18368183204218597,0.0028358971774144373,0.0015850678577648421,8.290406985159576e-5,0.00379922845363015,6.356649405429517,0.04999999999999998,0.003972905878393449
