mode,control_gain,phase,interval_start_s,frequency_hz,driver_frequency_hz
presynaptic,0.4016087331226659,pre,216.93533757948094,0.016052587074097444,3.676042439968315
presynaptic,0.4016087331226659,pre,279.23059225613093,0.01602785938588936,3.686407658754553
presynaptic,0.4016087331226659,pre,341.621955689253,0.015364646383756798,3.6875151321016317
presynaptic,0.4016087331226659,pre,406.7064343699456,0.015100968483271358,3.6846363099182113
presynaptic,0.4016087331226659,pre,472.9273526579207,0.01568427943281918,3.6858056667125068
presynaptic,0.4016087331226659,pre,536.6854618068505,0.015359927066731076,3.671022568948727
presynaptic,0.4016087331226659,pre,601.7899376064756,0.01507799540618139,3.6941088745144404
presynaptic,0.4016087331226659,pre,668.1117511540536,0.01570108418468794,3.674053699216978
presynaptic,0.4016087331226659,pre,731.8016204800982,0.015632700319777704,3.689317275467538
presynaptic,0.787704682562482,pre,206.07882760823188,0.027451298329599274,3.678473976166303
presynaptic,0.787704682562482,pre,242.50697712572676,0.025763601411446648,3.684195001836871
presynaptic,0.787704682562482,pre,281.32142639583947,0.025907262942601327,3.6788313378493886
presynaptic,0.787704682562482,pre,319.92064091786534,0.026671026197430753,3.6806016152454437
presynaptic,0.787704682562482,pre,357.41451132980814,0.02579004155086979,3.68797594177438
presynaptic,0.787704682562482,pre,396.189167742344,0.02671886354520548,3.687203169238356
presynaptic,0.787704682562482,pre,433.6159092767699,0.026541591443881,3.6892812106994595
presynaptic,0.787704682562482,pre,471.29262516301884,0.02532888631424608,3.6726885155656817
presynaptic,0.787704682562482,pre,510.7732398096074,0.026717342954344643,3.6869933276995606
presynaptic,0.9324906636024131,pre,234.2563235642688,0.027903594232373846,3.6832744386733474
presynaptic,0.9324906636024131,pre,270.09400066322104,0.028733634022967795,3.677905154939878
presynaptic,0.9324906636024131,pre,304.8964206843247,0.02706047669665402,3.6802248307449466
presynaptic,0.9324906636024131,pre,341.8506846911982,0.028611579060981142,3.6908936988665673
presynaptic,0.9324906636024131,pre,376.8015693616547,0.02873819017363419,3.6784883422251764
presynaptic,0.9324906636024131,pre,411.59847180951476,0.027061564454836366,3.680372765857746
presynaptic,0.9324906636024131,pre,448.55125041434826,0.028602556442819945,3.689729781123773
presynaptic,0.9324906636024131,pre,483.51316027017265,0.026235338280198323,3.672947359227765
presynaptic,0.9324906636024131,pre,521.6296880358836,0.02869015260151965,3.672339532994515
presynaptic,1.7529445561620225,pre,190.37433060455618,0.0471546914254361,3.678065931184016
presynaptic,1.7529445561620225,pre,211.58112826924372,0.040125288528765846,3.691526544646458
presynaptic,1.7529445561620225,pre,236.5030674419203,0.04537817673875708,3.675632315839324
presynaptic,1.7529445561620225,pre,258.54009210593483,0.043224762537901314,3.6741048157216114
presynaptic,1.7529445561620225,pre,281.67497917727866,0.04798210562531916,3.694622133149575
presynaptic,1.7529445561620225,pre,302.5160820627744,0.04195892631943058,3.692385516109891
presynaptic,1.7529445561620225,pre,326.34891306486116,0.04798354857449103,3.6947332402358093
presynaptic,1.7529445561620225,pre,347.1893892219668,0.0418008986926882,3.6784790849565616
presynaptic,1.7529445561620225,pre,371.1123198592193,0.048134817899589455,3.658246160368799
presynaptic,1.8012065498419993,pre,198.23929757886094,0.041911178577236204,3.688183714796786
presynaptic,1.8012065498419993,pre,222.0992803793242,0.04735599189245719,3.693767367611661
presynaptic,1.8012065498419993,pre,243.21593236015366,0.04654793695588481,3.6772870195148997
presynaptic,1.8012065498419993,pre,264.6991615943029,0.04886720574761828,3.6650404310713705
presynaptic,1.8012065498419993,pre,285.1627830496536,0.044992981535575585,3.689424485917198
presynaptic,1.8012065498419993,pre,307.38847172088134,0.047827431382551355,3.6827122164564545
presynaptic,1.8012065498419993,pre,328.2969748767674,0.04575435878148665,3.7061030613004187
presynaptic,1.8012065498419993,pre,350.1528160825374,0.04427257599710893,3.674623807760041
presynaptic,1.8012065498419993,pre,372.74016225515004,0.0458987060534669,3.671896484277352
presynaptic,1.9942545245619074,pre,243.307625558379,0.05205349166457183,3.6957979081845997
presynaptic,1.9942545245619074,pre,262.5186326978023,0.0418258384590512,3.6806737843965056
presynaptic,1.9942545245619074,pre,286.4272986526768,0.0565638464317204,3.6766500180618262
presynaptic,1.9942545245619074,pre,304.1064358239285,0.046960677187200164,3.662932820601613
presynaptic,1.9942545245619074,pre,325.4008476573372,0.05359630862825227,3.698145295349407
presynaptic,1.9942545245619074,pre,344.0588490308286,0.03823193025472307,3.670265304453415
presynaptic,1.9942545245619074,pre,370.2149963489845,0.049487783017612266,3.71158372632092
presynaptic,1.9942545245619074,pre,390.422003796542,0.05159749303372542,3.6634220053945046
presynaptic,1.9942545245619074,pre,409.802790365889,0.04845955002893502,3.6829258021990614
presynaptic,2.2838264866417695,pre,166.9783839180188,0.05113453573928388,3.6816865732284394
presynaptic,2.2838264866417695,pre,186.53463852251215,0.057762255349437415,3.6967843423639946
presynaptic,2.2838264866417695,pre,203.8469819196046,0.06110912004797239,3.6665472028783435
presynaptic,2.2838264866417695,pre,220.2111514447912,0.06033809781021732,3.6806239664232563
presynaptic,2.2838264866417695,pre,236.78442830123637,0.058223117812900495,3.6680564222127314
presynaptic,2.2838264866417695,pre,253.95973662487324,0.059771067445219886,3.705806181603633
presynaptic,2.2838264866417695,pre,270.69023923663434,0.05809702094336849,3.6601123194322147
presynaptic,2.2838264866417695,pre,287.902825764518,0.0597774230375232,3.7062002283264386
presynaptic,2.2838264866417695,pre,304.63154957337616,0.058109762669341966,3.660915048168544
presynaptic,2.3803504740017236,pre,178.74417620249076,0.057127290136632126,3.7132738588810885
presynaptic,2.3803504740017236,pre,196.24894489724744,0.06135978771855392,3.681587263113235
presynaptic,2.3803504740017236,pre,212.54626333952785,0.05836549865625254,3.67702641534391
presynaptic,2.3803504740017236,pre,229.67967302543778,0.06441317332340564,3.6715508794341214
presynaptic,2.3803504740017236,pre,245.20444767020183,0.06049834798650537,3.690399227176828
presynaptic,2.3803504740017236,pre,261.73382464133925,0.061358932215924554,3.681535932955473
presynaptic,2.3803504740017236,pre,278.0313703105005,0.06129940472851903,3.677964283711142
presynaptic,2.3803504740017236,pre,294.3447424293452,0.06131344129308046,3.6788064775848275
presynaptic,2.3803504740017236,pre,310.65437990703896,0.06460690281871052,3.6825934606665
presynaptic,2.4768744613616778,pre,174.13971620098044,0.056798054063704126,3.691873514140768
presynaptic,2.4768744613616778,pre,191.74595318364908,0.06607062205873394,3.699954835289101
presynaptic,2.4768744613616778,pre,206.8812730707699,0.06618135838822384,3.6399747113523113
presynaptic,2.4768744613616778,pre,221.9912681563035,0.06525986711008579,3.71981242527489
presynaptic,2.4768744613616778,pre,237.3146214557075,0.06575593994402183,3.6823326368652225
presynaptic,2.4768744613616778,pre,252.52237304212392,0.0657530795099279,3.6821724525559625
presynaptic,2.4768744613616778,pre,267.7307862062406,0.06575281716507075,3.682157761243962
presynaptic,2.4768744613616778,pre,282.93926004987117,0.06348686801061801,3.6822383446158446
presynaptic,2.4768744613616778,pre,298.6905489594572,0.06490548480680201,3.6996126339877153
presynaptic,2.7181844297615627,pre,163.6792329690862,0.08321589100629241,3.6614992042768666
presynaptic,2.7181844297615627,pre,175.69616853160255,0.0738770995408527,3.693854977042635
presynaptic,2.7181844297615627,pre,189.23216285480981,0.0788458517424224,3.705755031893853
presynaptic,2.7181844297615627,pre,201.91513827965335,0.07718447980148445,3.627670550669769
presynaptic,2.7181844297615627,pre,214.87111080900073,0.08071000660744161,3.712660303942314
presynaptic,2.7181844297615627,pre,227.26114820379135,0.08104286666563956,3.64692899995378
presynaptic,2.7181844297615627,pre,239.60029711526462,0.078224167845378,3.6765358887327664
presynaptic,2.7181844297615627,pre,252.3840700532734,0.08423781537527496,3.7064638765120983
presynaptic,2.7181844297615627,pre,264.25522311612355,0.0834170991151048,3.6703523610646114
presynaptic,2.911232404481471,pre,152.34443570465777,0.09202569442184422,3.6810277768737687
presynaptic,2.911232404481471,pre,163.21096603928385,0.08973326033052019,3.6790636735513274
presynaptic,2.911232404481471,pre,174.35510586343196,0.08660842851304103,3.724162426060764
presynaptic,2.911232404481471,pre,185.90132621598605,0.09095206625716018,3.638082650286407
presynaptic,2.911232404481471,pre,196.89612865590615,0.08970624535046781,3.6779560593691802
presynaptic,2.911232404481471,pre,208.0436245308384,0.08701758492519367,3.654738566858134
presynaptic,2.911232404481471,pre,219.535554591408,0.09077717429575351,3.7218641461258937
presynaptic,2.911232404481471,pre,230.55153969733323,0.08954071467046894,3.6711693014892264
presynaptic,2.911232404481471,pre,241.7196435446192,0.08708457619071552,3.657552200010052
presynaptic,3.056018385521402,pre,139.91923254179585,0.09749579215897035,3.704840102040873
presynaptic,3.056018385521402,pre,150.17608545673463,0.09883472284049051,3.6568847450981488
presynaptic,3.056018385521402,pre,160.29398705305823,0.09732394171642136,3.6983097852240117
presynaptic,3.056018385521402,pre,170.56895107900942,0.09913940123702808,3.668157845770039
presynaptic,3.056018385521402,pre,180.65575801472153,0.09795075070339923,3.7221285267291706
presynaptic,3.056018385521402,pre,190.86497022411092,0.09839440625454007,3.640593031417983
presynaptic,3.056018385521402,pre,201.02814959645312,0.09943239361728388,3.678998563839504
presynaptic,3.056018385521402,pre,211.08523425086673,0.09739560335780294,3.7010329275965113
presynaptic,3.056018385521402,pre,221.35263817387846,0.09821397730785032,3.732131137698312
presynaptic,3.104280379201379,pre,132.803747610633,0.099781704178612,3.691923054608644
presynaptic,3.104280379201379,pre,142.82562495008966,0.09696955778039705,3.684843195655088
presynaptic,3.104280379201379,pre,153.13813975256673,0.09916162445284242,3.6689801047551693
presynaptic,3.104280379201379,pre,163.2226861233814,0.09682601405421055,3.679388534060001
presynaptic,3.104280379201379,pre,173.55048913962582,0.09697030006868304,3.6848714026099554
presynaptic,3.104280379201379,pre,183.86292500186107,0.09695979951357972,3.6844723815160294
presynaptic,3.104280379201379,pre,194.17647768056628,0.09694895389130007,3.6840602478694024
presynaptic,3.104280379201379,pre,204.49118413032548,0.09694105344310566,3.683760030838015
presynaptic,3.104280379201379,pre,214.80673120230873,0.09693539853635305,3.6835451443814162
presynaptic,3.24906636024131,pre,133.4030109582871,0.10074933991771527,3.727725576955465
presynaptic,3.24906636024131,pre,143.32863430050182,0.09981481139645863,3.6931480216689696
presynaptic,3.24906636024131,pre,153.34718751930276,0.09975167701885164,3.6908120496975108
presynaptic,3.24906636024131,pre,163.3720816352284,0.09976000615386758,3.691120227693101
presynaptic,3.24906636024131,pre,173.39613875544973,0.09974790574371459,3.5909246067737253
presynaptic,3.24906636024131,pre,183.42141189320694,0.09972690735710961,3.6898955722130555
presynaptic,3.24906636024131,pre,193.4487959413167,0.09979444819841711,3.6923945833414327
presynaptic,3.24906636024131,pre,203.4693934600458,0.1000066717937024,3.700246856366989
presynaptic,3.24906636024131,pre,213.46872632518543,0.09993001984852333,3.6974107343953633
presynaptic,3.297328353921287,pre,140.79454298804333,0.11285192404161362,3.72411349337325
presynaptic,3.297328353921287,pre,149.65571224583334,0.11066120175786207,3.6518196580094484
presynaptic,3.297328353921287,pre,158.69230306641833,0.10873348990554613,3.6969386567885683
presynaptic,3.297328353921287,pre,167.88910159526785,0.11188239703742002,3.692119102234861
presynaptic,3.297328353921287,pre,176.8270581146079,0.11084087979071526,3.6577490330936038
presynaptic,3.297328353921287,pre,185.84900021654857,0.10878221648394837,3.6985953604542443
presynaptic,3.297328353921287,pre,195.04167924370884,0.1119074510862377,3.692945885845844
presynaptic,3.297328353921287,pre,203.97763471667716,0.11083597292515893,3.6575871065302445
presynaptic,3.297328353921287,pre,212.9999762327772,0.1087822307429453,3.69859584526014
presynaptic,3.393852341281241,pre,131.14393468805656,0.10814234381863969,3.6768396898337494
presynaptic,3.393852341281241,pre,140.39100632242997,0.11184570628950469,3.6909083075536544
presynaptic,3.393852341281241,pre,149.33189491954403,0.10974568717572365,3.6216076767988805
presynaptic,3.393852341281241,pre,158.44387030313072,0.10944425097678231,3.7211045332105988
presynaptic,3.393852341281241,pre,167.58094229252322,0.1121294773458657,3.7002727524135683
presynaptic,3.393852341281241,pre,176.49920378513215,0.11232195948617338,3.7066246630437214
presynaptic,3.393852341281241,pre,185.40218237074967,0.11017367692942984,3.6357313386711847
presynaptic,3.393852341281241,pre,194.47876062310786,0.10901520957212904,3.706517125452387
presynaptic,3.393852341281241,pre,203.65179256906177,0.11264438106264715,3.717264575067356
presynaptic,3.442114334961218,pre,131.9855327957021,0.1097797781946854,3.7325124586193037
presynaptic,3.442114334961218,pre,141.09467854590196,0.11017411177758243,3.6357456886602204
presynaptic,3.442114334961218,pre,150.17122097375272,0.11048731175882379,3.646081288041185
presynaptic,3.442114334961218,pre,159.22203399545825,0.11009858306254097,3.743351824126393
presynaptic,3.442114334961218,pre,168.30480302103194,0.11322327024881944,3.623144647962222
presynaptic,3.442114334961218,pre,177.13690968781873,0.10989070360917802,3.736283922712053
presynaptic,3.442114334961218,pre,186.23686052220833,0.11310145690807176,3.6192466210582963
presynaptic,3.442114334961218,pre,195.07847960774137,0.11009253780425789,3.743146285344768
presynaptic,3.442114334961218,pre,204.16174737451752,0.11296540525741786,3.6148929682373714
presynaptic,3.490376328641195,pre,125.95446692052111,0.09918296633304832,3.669769754322788
presynaptic,3.490376328641195,pre,136.03684333021712,0.10934087170332721,3.7175896379131252
presynaptic,3.490376328641195,pre,145.18255421052987,0.11070903302300457,3.653398089759151
presynaptic,3.490376328641195,pre,154.2152408187871,0.11048870472305768,3.646127255860903
presynaptic,3.490376328641195,pre,163.2659397341787,0.11068660050188196,3.6526578165621046
presynaptic,3.490376328641195,pre,172.3004569699212,0.11090076607335014,3.770626046493905
presynaptic,3.490376328641195,pre,181.31752723378753,0.11081732461724338,3.6569717123690313
presynaptic,3.490376328641195,pre,190.34138702695563,0.11031408992117335,3.6403649673987206
presynaptic,3.490376328641195,pre,199.4064121811727,0.11064233740018846,3.761839471606408
presynaptic,3.538638322321172,pre,127.07716390086036,0.11288901313804892,3.725337433555614
presynaptic,3.538638322321172,pre,135.93542186771074,0.11264705578514403,3.604705785124609
presynaptic,3.538638322321172,pre,144.81270670245456,0.11264500992545312,3.7172853275399533
presynaptic,3.538638322321172,pre,153.69015276652598,0.11210555850675265,3.6994834307228377
presynaptic,3.538638322321172,pre,162.61031705918026,0.11181585127630532,3.6899230921180757
presynaptic,3.538638322321172,pre,171.55359288801534,0.11193174153393841,3.6937474706199676
presynaptic,3.538638322321172,pre,180.48760915807216,0.11211212378308501,3.5875879610587202
presynaptic,3.538638322321172,pre,189.40725108667218,0.11199505181195422,3.6958367097944893
presynaptic,3.538638322321172,pre,198.3362169991935,0.11182683776132121,3.6902856461236
presynaptic,3.5869003160011492,pre,131.04431724244674,0.1143065190968448,3.6578086110990338
presynaptic,3.5869003160011492,pre,139.79272466401088,0.10971023010706692,3.6204375935332083
presynaptic,3.5869003160011492,pre,148.9076449319211,0.11254062474913093,3.713840616721321
presynaptic,3.5869003160011492,pre,157.7933251227779,0.11461575275261805,3.6677040880837777
presynaptic,3.5869003160011492,pre,166.51812931403387,0.11669332564909166,3.734186420770933
presynaptic,3.5869003160011492,pre,175.08759971379862,0.12702357255408978,3.683683604068604
presynaptic,3.5869003160011492,pre,182.96015423177343,0.11390881682551678,3.645082138416537
presynaptic,3.5869003160011492,pre,191.73910592198175,0.11602528366681486,3.7128090773380755
presynaptic,3.5869003160011492,pre,200.3579169982956,0.12255444116323323,3.6766332348969972
presynaptic,3.6351623096811263,pre,123.06260445525942,0.11618344898573607,3.7178703675435543
presynaptic,3.6351623096811263,pre,131.66968238873315,0.11344506007126265,3.6302419222804048
presynaptic,3.6351623096811263,pre,140.48452191873852,0.12483506280613785,3.7450518841841354
presynaptic,3.6351623096811263,pre,148.49509184613902,0.12972878135968272,3.6324058780711157
presynaptic,3.6351623096811263,pre,156.20348153051773,0.12787229094232933,3.7082964373275504
presynaptic,3.6351623096811263,pre,164.02378405759924,0.12652526096396224,3.669232567954905
presynaptic,3.6351623096811263,pre,171.9273441244291,0.12633784712589644,3.663797566650997
presynaptic,3.6351623096811263,pre,179.84262859974152,0.12644984205698204,3.667045419652479
presynaptic,3.6351623096811263,pre,187.75090261363368,0.12653317024862143,3.6694619372100217
presynaptic,3.683424303361103,pre,131.73345850759165,0.12672031137913295,3.674889029994856
presynaptic,3.683424303361103,pre,139.62485325809942,0.12762988756203908,3.7012667392991334
presynaptic,3.683424303361103,pre,147.46000863668513,0.12751541732185975,3.697947102333933
presynaptic,3.683424303361103,pre,155.30219761275157,0.127147935500172,3.687290129504988
presynaptic,3.683424303361103,pre,163.1670520129919,0.12736129262283807,3.6934774860623043
presynaptic,3.683424303361103,pre,171.01873111742242,0.12735039223972716,3.693161374952088
presynaptic,3.683424303361103,pre,178.87108227561578,0.1271880854724207,3.6884544787002005
presynaptic,3.683424303361103,pre,186.73345394577382,0.12678043467253844,3.676632605503615
presynaptic,3.683424303361103,pre,194.62110634721023,0.12775624857128617,3.704931208567299
presynaptic,3.73168629704108,pre,124.96152552168658,0.12255565002658822,3.6766695007976464
presynaptic,3.73168629704108,pre,133.1210840551614,0.12844082185346467,3.7247838337504753
presynaptic,3.73168629704108,pre,140.9067707672947,0.12696455845750027,3.6819721952675075
presynaptic,3.73168629704108,pre,148.78298450874394,0.1285302861450615,3.727378298206784
presynaptic,3.73168629704108,pre,156.56325194603403,0.12481453104066573,3.619621400179306
presynaptic,3.73168629704108,pre,164.57513959775457,0.1290500569865716,3.742451652610576
presynaptic,3.73168629704108,pre,172.32407069744448,0.12517811781077257,3.630165416512405
presynaptic,3.73168629704108,pre,180.31268737813036,0.12923687137815923,3.618632398588458
presynaptic,3.73168629704108,pre,188.05041724837696,0.1270599777319737,3.6847393542272373
presynaptic,3.779948290721057,pre,131.15387999530958,0.1302098628110483,3.6458761587093518
presynaptic,3.779948290721057,pre,138.83378978410286,0.13085214474807255,3.6638600529460312
presynaptic,3.779948290721057,pre,146.47600307701666,0.13174640860291667,3.6888994408816664
presynaptic,3.779948290721057,pre,154.06634281078502,0.12928166235750407,3.7491682083676183
presynaptic,3.779948290721057,pre,161.8013918638726,0.13374389196672495,3.6110850831015733
presynaptic,3.779948290721057,pre,169.27836883302493,0.1254867441787478,3.7646023253624343
presynaptic,3.779948290721057,pre,177.24733803805557,0.12994571594465654,3.6384800464503826
presynaptic,3.779948290721057,pre,184.942859146469,0.129400147503596,3.6232041301006874
presynaptic,3.779948290721057,pre,192.67082560780716,0.12971006806878574,3.7615919739947867
presynaptic,3.828210284401034,pre,122.37825431033514,0.12584973316808967,3.6496422618746003
presynaptic,3.828210284401034,pre,130.32423857924385,0.12745024822788203,3.696057198608579
presynaptic,3.828210284401034,pre,138.17043749924903,0.12634181263354252,3.663912566372733
presynaptic,3.828210284401034,pre,146.08547353645173,0.12961370375179052,3.6291837050501345
presynaptic,3.828210284401034,pre,153.80070711942992,0.13047799216961345,3.7838617729187902
presynaptic,3.828210284401034,pre,161.46483486520378,0.12468905773731401,3.6159826743821064
presynaptic,3.828210284401034,pre,169.48478479622923,0.12655064327740442,3.6699686550447286
presynaptic,3.828210284401034,pre,177.38675964283635,0.12468094168785976,3.740428250635793
presynaptic,3.828210284401034,pre,185.4072316288718,0.1291425846566236,3.615992370385461
presynaptic,3.8764722780810112,pre,128.89230559630408,0.12989846416144651,3.637156996520502
presynaptic,3.8764722780810112,pre,136.5906260226113,0.12829135659432497,3.7204493412354243
presynaptic,3.8764722780810112,pre,144.38538341349414,0.1256295367800352,3.6432565666210204
presynaptic,3.8764722780810112,pre,152.34529495683526,0.12806109228568666,3.713771676284913
presynaptic,3.8764722780810112,pre,160.15406795846746,0.12585863222544455,3.649900334537892
presynaptic,3.8764722780810112,pre,168.09949039249446,0.1301218943456164,3.643413041677259
presynaptic,3.8764722780810112,pre,175.78459215825805,0.13130710654748867,3.676598983329683
presynaptic,3.8764722780810112,pre,183.400326190432,0.12508467287424355,3.7525401862273067
presynaptic,3.8764722780810112,pre,191.39491079477733,0.13014851916125758,3.6441585365152123
presynaptic,3.9247342717609883,pre,129.27071377816986,0.13131353786032426,3.6767790600890793
presynaptic,3.9247342717609883,pre,136.8860748162959,0.12771331814064013,3.703686226078564
presynaptic,3.9247342717609883,pre,144.71611176591756,0.1270842425366024,3.6854430335614694
presynaptic,3.9247342717609883,pre,152.58490792852587,0.12734558872257534,3.6930220729546854
presynaptic,3.9247342717609883,pre,160.43755527996666,0.13372327488521618,3.6105284219008373
presynaptic,3.9247342717609883,pre,167.91568502857152,0.12661646839027124,3.6718775833178663
presynaptic,3.9247342717609883,pre,175.81355181251695,0.12523871740922332,3.7571615222766996
presynaptic,3.9247342717609883,pre,183.79830301954547,0.13083269914285656,3.663315575999984
presynaptic,3.9247342717609883,pre,191.441652171183,0.12889024925214107,3.737817228312091
presynaptic,3.9729962654409654,pre,124.93213247160686,0.13133063531299832,3.6772577887639533
presynaptic,3.9729962654409654,pre,132.54650209387142,0.1419172435953003,3.689848333477808
presynaptic,3.9729962654409654,pre,139.5928621743396,0.12974660541781896,3.6329049516989307
presynaptic,3.9729962654409654,pre,147.300192911662,0.12873547948333933,3.7333289050168403
presynaptic,3.9729962654409654,pre,155.06805926842202,0.12866478759802724,3.73127884034279
presynaptic,3.9729962654409654,pre,162.84019349930566,0.12826132590584405,3.5913171253636333
presynaptic,3.9729962654409654,pre,170.63677592925882,0.12845082680094355,3.725073977227363
presynaptic,3.9729962654409654,pre,178.42185621955286,0.12859424840193628,3.729233203656152
presynaptic,3.9729962654409654,pre,186.1982537834189,0.12819224743060992,3.5893829280570775
presynaptic,4.021258259120942,pre,127.60249962199264,0.13359841214602608,3.6071571279427044
presynaptic,4.021258259120942,pre,135.08761852375756,0.13311303075569628,3.7271648611594954
presynaptic,4.021258259120942,pre,142.60003105259037,0.13139650051155422,3.679102014323518
presynaptic,4.021258259120942,pre,150.21058381546297,0.13077089724699448,3.661585122915845
presynaptic,4.021258259120942,pre,157.8575451887664,0.12873950490109015,3.7334456421316142
presynaptic,4.021258259120942,pre,165.62516866042955,0.13001600582731856,3.64044816316492
presynaptic,4.021258259120942,pre,173.31652937895643,0.13025989757891718,3.6472771322096804
presynaptic,4.021258259120942,pre,180.99348919994935,0.12946934971340082,3.754611141688624
presynaptic,4.021258259120942,pre,188.71732501293246,0.1299650587518037,3.6390216450505037
presynaptic,4.06952025280092,pre,127.32984232952636,0.14202138717504328,3.6925560665511252
presynaptic,4.06952025280092,pre,134.37103534905015,0.13502391598345867,3.645645731553384
presynaptic,4.06952025280092,pre,141.77713072642393,0.13064396920075105,3.6580311376210295
presynaptic,4.06952025280092,pre,149.43152155761013,0.13093465594431022,3.6661703664406864
presynaptic,4.06952025280092,pre,157.06891895089709,0.12542398207745653,3.762719462323696
presynaptic,4.06952025280092,pre,165.04187582434767,0.12818927037647976,3.5892995705414337
presynaptic,4.06952025280092,pre,172.84284073399334,0.1347145419979412,3.7720071759423535
presynaptic,4.06952025280092,pre,180.2659443215428,0.13189913242753945,3.6931757079711045
presynaptic,4.06952025280092,pre,187.8474953264318,0.127241366097771,3.6899996168353595
presynaptic,4.117782246480896,pre,122.89985479212372,0.12448934922726078,3.6101911275905625
presynaptic,4.117782246480896,pre,130.9326705005138,0.12333135687129267,3.69994070613878
presynaptic,4.117782246480896,pre,139.0409085461196,0.12757704488489532,3.6997343016619646
presynaptic,4.117782246480896,pre,146.87930926234748,0.1257899230007598,3.6479077670220343
presynaptic,4.117782246480896,pre,154.82907166099335,0.12599159321603254,3.6537562032649435
presynaptic,4.117782246480896,pre,162.76610916067273,0.131708169616729,3.687828749268412
presynaptic,4.117782246480896,pre,170.35865260661083,0.13011856630463822,3.7734384228345084
presynaptic,4.117782246480896,pre,178.04395093412825,0.1304116593778793,3.6515264625806205
presynaptic,4.117782246480896,pre,185.71197697390443,0.1313021221789999,3.676459421011997
presynaptic,4.166044240160874,pre,122.89774106144357,0.1384597435703793,3.599953332829862
presynaptic,4.166044240160874,pre,130.12005690728867,0.13074274344017225,3.6607968163248232
presynaptic,4.166044240160874,pre,137.76866495762837,0.1280019218140992,3.712055732608877
presynaptic,4.166044240160874,pre,145.58104766116566,0.13079073405253724,3.662140553471043
presynaptic,4.166044240160874,pre,153.22684923299803,0.12838129723414396,3.723057619790175
presynaptic,4.166044240160874,pre,161.01614581703382,0.13196485035819588,3.6950158100294845
presynaptic,4.166044240160874,pre,168.59392124197214,0.13162634043522367,3.685537532186263
presynaptic,4.166044240160874,pre,176.19118480406382,0.12700496500266556,3.6831439850773013
presynaptic,4.166044240160874,pre,184.06489273334842,0.13138428723853668,3.6787600426790266
presynaptic,4.21430623384085,pre,126.28331739936756,0.12795976762191577,3.7108332610355577
presynaptic,4.21430623384085,pre,134.09827376092264,0.12618055507140402,3.6592360970707167
presynaptic,4.21430623384085,pre,142.02342513970768,0.13679788519998998,3.6935429003997298
presynaptic,4.21430623384085,pre,149.33347966677923,0.1268853256909378,3.6796744450371968
presynaptic,4.21430623384085,pre,157.21461166178833,0.130283740933641,3.647944746141948
presynaptic,4.21430623384085,pre,164.89016651486352,0.12992107484298202,3.767711170446478
presynaptic,4.21430623384085,pre,172.5871471718398,0.13195450760770944,3.5627717054081547
presynaptic,4.21430623384085,pre,180.16551655178492,0.12852516505444075,3.7272297865787816
presynaptic,4.21430623384085,pre,187.9460939941591,0.12915063405903665,3.7453683877120625
presynaptic,4.262568227520827,pre,127.9763609997473,0.14280885660823261,3.713030271814048
presynaptic,4.262568227520827,pre,134.97872782594,0.1270509743614831,3.6844782564830103
presynaptic,4.262568227520827,pre,142.8495844252355,0.12557880827571039,3.6417854399956013
presynaptic,4.262568227520827,pre,150.81271143472648,0.12870147072940355,3.7323426511527025
presynaptic,4.262568227520827,pre,158.58263041337213,0.13060594791193622,3.6569665415342145
presynaptic,4.262568227520827,pre,166.23924954892843,0.12858033477243544,3.7288297084006277
presynaptic,4.262568227520827,pre,174.0164885938401,0.1305958042112023,3.656682517913664
presynaptic,4.262568227520827,pre,181.67370243803666,0.13174577532698292,3.6888817091555217
presynaptic,4.262568227520827,pre,189.2640786570697,0.1495429197069174,3.7385729926729354
presynaptic,4.3108302212008045,pre,125.11816508361595,0.1448156454134261,3.620391135335652
presynaptic,4.3108302212008045,pre,132.02349632144703,0.1420307225775108,3.6927987870152803
presynaptic,4.3108302212008045,pre,139.06422653708236,0.13056955055195973,3.6559474154548726
presynaptic,4.3108302212008045,pre,146.72298001959552,0.12852891198024116,3.7273384474269933
presynaptic,4.3108302212008045,pre,154.5033306394913,0.1308158463472289,3.662843697722409
presynaptic,4.3108302212008045,pre,162.14766447153843,0.14017081679895702,3.6444412367728822
presynaptic,4.3108302212008045,pre,169.28181709215326,0.14345517660238732,3.7298345916620703
presynaptic,4.3108302212008045,pre,176.2526355992587,0.1273237421535838,3.6923885224539306
presynaptic,4.3108302212008045,pre,184.1066303302159,0.14940697126859057,3.735174281714764
presynaptic,4.359092214880781,pre,125.92785297812236,0.13882297365327378,3.6093973149851184
presynaptic,4.359092214880781,pre,133.1312716464014,0.1288374525491149,3.7362861239243323
presynaptic,4.359092214880781,pre,140.89298984413418,0.1290171829788328,3.6124811234073184
presynaptic,4.359092214880781,pre,148.64389539726554,0.12858829849718234,3.7290606564182878
presynaptic,4.359092214880781,pre,156.4206527825568,0.13080417133039576,3.6625167972510817
presynaptic,4.359092214880781,pre,164.06566891491025,0.13193081019671715,3.6940626855080807
presynaptic,4.359092214880781,pre,171.64539952149818,0.1271912997770859,3.688547693535491
presynaptic,4.359092214880781,pre,179.50757249836522,0.13954976078060916,3.628293780295838
presynaptic,4.359092214880781,pre,186.6734751441758,0.14378389615341755,3.7383812999888564
presynaptic,4.407354208560759,pre,124.82382839671432,0.13672533310850074,3.69158399392952
presynaptic,4.407354208560759,pre,132.1377619397135,0.13788986207667542,3.5851364139935606
presynaptic,4.407354208560759,pre,139.3899267104922,0.14168645525398516,3.6838478366036136
presynaptic,4.407354208560759,pre,146.4477643718792,0.1323317905329925,3.7052901349237897
presynaptic,4.407354208560759,pre,154.00452753492794,0.1276917147411609,3.703059727493666
presynaptic,4.407354208560759,pre,161.83588920179147,0.1301204168720958,3.6433716724186826
presynaptic,4.407354208560759,pre,169.52107822929796,0.1309304851565969,3.666053584384713
presynaptic,4.407354208560759,pre,177.15871891171022,0.13661216283257507,3.688528396479527
presynaptic,4.407354208560759,pre,184.47871135795785,0.14845756658362558,3.7114391645906397
presynaptic,4.455616202240735,pre,121.32642533232246,0.13045729449248367,3.6528042457895427
presynaptic,4.455616202240735,pre,128.99176902881936,0.13634776586552533,3.6813896783691837
presynaptic,4.455616202240735,pre,136.32595594161603,0.13531001109554786,3.653370299579792
presynaptic,4.455616202240735,pre,143.71639211040667,0.1422134197886875,3.6975489145058753
presynaptic,4.455616202240735,pre,150.74807731624648,0.13074908740575966,3.6609744473612706
presynaptic,4.455616202240735,pre,158.39631425496142,0.12948853600535074,3.755167544155171
presynaptic,4.455616202240735,pre,166.11900562864935,0.13472118838754735,3.6374720864637786
presynaptic,4.455616202240735,pre,173.54174300180358,0.1481534532402184,3.70383633100546
presynaptic,4.455616202240735,pre,180.29150129720142,0.15054770029167822,3.6131448070002774
presynaptic,4.503878195920713,pre,123.75953026845664,0.1556108041403975,3.5790484952291424
presynaptic,4.503878195920713,pre,130.18581927534183,0.13368647341389323,3.7432212555890105
presynaptic,4.503878195920713,pre,137.6660076179874,0.1336818198387473,3.6094091356461773
presynaptic,4.503878195920713,pre,145.14645635220003,0.13523057985814174,3.786456236027969
presynaptic,4.503878195920713,pre,152.5412334880299,0.1387361881064554,3.6071408907678406
presynaptic,4.503878195920713,pre,159.74915820939154,0.137153658732826,3.7031487857863024
presynaptic,4.503878195920713,pre,167.04025061800158,0.1368425288875344,3.694748279963429
presynaptic,4.503878195920713,pre,174.34792030321955,0.13682139347726144,3.6941776238860586
presynaptic,4.503878195920713,pre,181.65671883673392,0.13677482159685325,3.692920183115038
presynaptic,4.5521401896006894,pre,123.31337986741947,0.13099664986257084,3.6679061961519834
presynaptic,4.5521401896006894,pre,130.94716287674913,0.13118363339351427,3.6731417350183992
presynaptic,4.5521401896006894,pre,138.57006501881955,0.1309250930733272,3.6659026060531614
presynaptic,4.5521401896006894,pre,146.20802025357298,0.12912939698095674,3.7447525124477457
presynaptic,4.5521401896006894,pre,153.9521902363963,0.1303959588018222,3.6510868464510216
presynaptic,4.5521401896006894,pre,161.6211395595867,0.13102502416182055,3.668700676530975
presynaptic,4.5521401896006894,pre,169.25326942483264,0.13069889180955044,3.6595689706674124
presynaptic,4.5521401896006894,pre,176.90444370913463,0.12905940697910334,3.7427228023939967
presynaptic,4.5521401896006894,pre,184.65281342047163,0.1306316954995351,3.657687473986983
presynaptic,4.600402183280666,pre,121.14730042302998,0.13738895084251124,3.7095016727478036
presynaptic,4.600402183280666,pre,128.4259061177943,0.1437794323531942,3.5944858088298552
presynaptic,4.600402183280666,pre,135.38100382289235,0.14184856347560948,3.688062650365847
presynaptic,4.600402183280666,pre,142.43077560413388,0.12884759061690726,3.7365801278903104
presynaptic,4.600402183280666,pre,150.19188308943583,0.13118014156392235,3.673043963789826
presynaptic,4.600402183280666,pre,157.81498814236576,0.13144522774103723,3.6804663767490426
presynaptic,4.600402183280666,pre,165.42271964533154,0.13142638722937305,3.6799388424224455
presynaptic,4.600402183280666,pre,173.03154174781193,0.13143352861217714,3.6801388011409597
presynaptic,4.600402183280666,pre,180.6399504282995,0.131453700023422,3.680703600655816
presynaptic,4.648664176960644,pre,123.6642967011109,0.14090441168893386,3.66351470391228
presynaptic,4.648664176960644,pre,130.7613065676837,0.13906872938179926,3.75485569330858
presynaptic,4.648664176960644,pre,137.95199569273208,0.14033842092039908,3.6487989439303763
presynaptic,4.648664176960644,pre,145.07762809932163,0.1400332481681864,3.7808977005410327
presynaptic,4.648664176960644,pre,152.21878930982896,0.13921897918875634,3.6196934589076646
presynaptic,4.648664176960644,pre,159.40171800121217,0.14039576703602372,3.6502899429366162
presynaptic,4.648664176960644,pre,166.52443986891217,0.14016389429746479,3.6442612517340844
presynaptic,4.648664176960644,pre,173.6589448354889,0.13916944792027763,3.757575093847496
presynaptic,4.648664176960644,pre,180.84442997568178,0.14033321108356145,3.6486634881725974
presynaptic,4.69692617064062,pre,126.64268542287925,0.14199119806685365,3.6917711497381944
presynaptic,4.69692617064062,pre,133.68537548828155,0.1413766717484618,3.6757934654600066
presynaptic,4.69692617064062,pre,140.75867823075384,0.1405852163213227,3.65521562435439
presynaptic,4.69692617064062,pre,147.87180168830426,0.13965518222764647,3.770689920146455
presynaptic,4.69692617064062,pre,155.0322950122823,0.14062058458842175,3.6561351992989652
presynaptic,4.69692617064062,pre,162.14362940850083,0.1414272081902847,3.6771074129474024
presynaptic,4.69692617064062,pre,169.2144046348246,0.14166231942846255,3.6832203051400265
presynaptic,4.69692617064062,pre,176.2734447806764,0.14171608198807428,3.6846181316899314
presynaptic,4.69692617064062,pre,183.32980695193763,0.14171592511641268,3.68461405302673
presynaptic,4.745188164320598,pre,122.40626405146092,0.14605333783598323,3.651333445899581
presynaptic,4.745188164320598,pre,129.25307778962411,0.1415161221781335,3.679419176631471
presynaptic,4.745188164320598,pre,136.31941047743794,0.14141889503692254,3.676891270959986
presynaptic,4.745188164320598,pre,143.39060135146445,0.1416625215732662,3.683225560904921
presynaptic,4.745188164320598,pre,150.4496314244454,0.14170494429003333,3.6843285515408666
presynaptic,4.745188164320598,pre,157.50654821030759,0.14168384984962873,3.683780096090347
presynaptic,4.745188164320598,pre,164.56451565727713,0.14166595746136162,3.683314893995402
presynaptic,4.745188164320598,pre,171.62337452443117,0.14165986590906696,3.683156513635741
presynaptic,4.745188164320598,pre,178.6825369313892,0.14165922530513353,3.683139857933472
presynaptic,4.793450158000574,pre,121.51443710446738,0.13975930406700904,3.773501209809244
presynaptic,4.793450158000574,pre,128.66959580159812,0.14069091049338348,3.6579636728279707
presynaptic,4.793450158000574,pre,135.7773755188033,0.14159205776551154,3.6813935019033
presynaptic,4.793450158000574,pre,142.83991854403487,0.14178114970620764,3.6863098923613986
presynaptic,4.793450158000574,pre,149.89304233427183,0.14172178529211987,3.684766417595117
presynaptic,4.793450158000574,pre,156.94912053663697,0.14167207228895556,3.683473879512845
presynaptic,4.793450158000574,pre,164.0076747304402,0.14165866357863663,3.6831252530445524
presynaptic,4.793450158000574,pre,171.06689705216488,0.14165849723459176,3.6831209280993855
presynaptic,4.793450158000574,pre,178.12612766325884,0.14165961943139607,3.683150105216298
presynaptic,4.841712151680552,pre,121.05722146634328,0.14160026048223057,3.681606772537995
presynaptic,4.841712151680552,pre,128.11935536775295,0.14197372404547914,3.691316825182458
presynaptic,4.841712151680552,pre,135.1629122422607,0.14087374883985493,3.6627174698362284
presynaptic,4.841712151680552,pre,142.26146685754816,0.1412961385152068,3.673699601395377
presynaptic,4.841712151680552,pre,149.33880110396407,0.1416574407399955,3.6830934592398834
presynaptic,4.841712151680552,pre,156.39808436346786,0.1417117157865133,3.6845046104493453
presynaptic,4.841712151680552,pre,163.45466394441434,0.14168220941029794,3.6837374446677464
presynaptic,4.841712151680552,pre,170.5127131106586,0.14166328757822144,3.6832454770337577
presynaptic,4.841712151680552,pre,177.57170501389137,0.1416589503183617,3.683132708277404
presynaptic,4.8899741453605285,pre,121.17964133836108,0.14243216591155988,3.703236313700557
presynaptic,4.8899741453605285,pre,128.20052734118244,0.1424615001778515,3.7039990046241393
presynaptic,4.8899741453605285,pre,135.21996767244093,0.14197034215096535,3.6912288959250987
presynaptic,4.8899741453605285,pre,142.2636923324593,0.14171699976026428,3.684641993766871
presynaptic,4.8899741453605285,pre,149.3200088060768,0.1416472983173225,3.6828297562503853
presynaptic,4.8899741453605285,pre,156.37979753399006,0.14164455172585633,3.6827583448722647
presynaptic,4.8899741453605285,pre,163.43972315637075,0.14165352717092963,3.68299170644417
presynaptic,4.8899741453605285,pre,170.499201448029,0.14165892353915738,3.683132012018092
presynaptic,4.8899741453605285,pre,177.55841081526367,0.1416604265022616,3.683171089058802
presynaptic,4.938236139040505,pre,124.60763741236306,0.15216538731843812,3.6519692956425147
presynaptic,4.938236139040505,pre,131.1794341765463,0.14207601145948,3.69397629794648
presynaptic,4.938236139040505,pre,138.21792005271547,0.14234841833747455,3.701058876774338
presynaptic,4.938236139040505,pre,145.2429366400388,0.14193276547425313,3.6902519023305813
presynaptic,4.938236139040505,pre,152.28852612502212,0.14173941654751787,3.685224830235464
presynaptic,4.938236139040505,pre,159.34372660741406,0.14167000569075516,3.6834201479596342
presynaptic,4.938236139040505,pre,166.40238376722849,0.14164805634909758,3.682849465076537
presynaptic,4.938236139040505,pre,173.46213471457264,0.14164640816876453,3.6828066123878775
presynaptic,4.938236139040505,pre,180.52196780831795,0.14165080439107164,3.682920914167863
presynaptic,4.986498132720483,pre,125.38068671732357,0.1446909889197241,3.6172747229931024
presynaptic,4.986498132720483,pre,132.2919671465064,0.14323570340996175,3.7241282886590055
presynaptic,4.986498132720483,pre,139.273466704182,0.1456120609448485,3.6403015236212126
presynaptic,4.986498132720483,pre,146.14102968976982,0.16179666897316894,3.721323386382885
presynaptic,4.986498132720483,pre,152.32162664733656,0.16428735386688006,3.614321785071361
presynaptic,4.986498132720483,pre,158.4085224214951,0.14336151162092742,3.727399302144113
presynaptic,4.986498132720483,pre,165.38389530012498,0.14193400619695085,3.6902841611207218
presynaptic,4.986498132720483,pre,172.42942319576105,0.1422823091536396,3.6993400379946295
presynaptic,4.986498132720483,pre,179.45770384392074,0.14216251320775475,3.6962253434016232
presynaptic,5.034760126400459,pre,122.67961671412121,0.142320440673974,3.7003314575233244
presynaptic,5.034760126400459,pre,129.70601429456988,0.1439107699572274,3.5977692489306854
presynaptic,5.034760126400459,pre,136.65476455347834,0.14366444545155838,3.7352755817405177
presynaptic,5.034760126400459,pre,143.6154290161215,0.15710238394294884,3.613354830687823
presynaptic,5.034760126400459,pre,149.98070479935308,0.15388912392473084,3.69333897419354
presynaptic,5.034760126400459,pre,156.4788898204668,0.15811300791393457,3.6365991820204955
presynaptic,5.034760126400459,pre,162.80348014477667,0.15137270451130538,3.7843176127826346
presynaptic,5.034760126400459,pre,169.409690975378,0.1537252738112125,3.6894065714691004
presynaptic,5.034760126400459,pre,175.9148021728255,0.14039552299879376,3.6502835979686377
presynaptic,5.083022120080437,pre,119.54583029072742,0.15315332568093046,3.6756798163423308
presynaptic,5.083022120080437,pre,126.07523470002725,0.14698132725131707,3.6745331812829267
presynaptic,5.083022120080437,pre,132.8788200172978,0.1384338208278025,3.737713162350668
presynaptic,5.083022120080437,pre,140.1024882944589,0.14225041981388717,3.6985109151610662
presynaptic,5.083022120080437,pre,147.13234452481905,0.1552793806396893,3.5714257547128536
presynaptic,5.083022120080437,pre,153.57234960392483,0.14141462903217267,3.818194983868662
presynaptic,5.083022120080437,pre,160.64375379204807,0.1406832894498584,3.6577655256963184
presynaptic,5.083022120080437,pre,167.75191854928752,0.144771153040174,3.6192788260043494
presynaptic,5.083022120080437,pre,174.65937199564158,0.15309436399397647,3.6742647358554352
presynaptic,5.1312841137604135,pre,121.98928096645508,0.140677437333681,3.6576133706757057
presynaptic,5.1312841137604135,pre,129.0977414200532,0.14440338043137163,3.7544878912156623
presynaptic,5.1312841137604135,pre,136.0227870596548,0.16012289348204398,3.6828265500870114
presynaptic,5.1312841137604135,pre,142.2679902173915,0.1648523606378608,3.6267519340329373
presynaptic,5.1312841137604135,pre,148.3340240681093,0.13886608677656798,3.7493843429673355
presynaptic,5.1312841137604135,pre,155.53520632370908,0.1424288199480254,3.70314931864866
presynaptic,5.1312841137604135,pre,162.55625726245108,0.14511586555403636,3.627896638850909
presynaptic,5.1312841137604135,pre,169.4473025398376,0.1577818222398121,3.628981911515678
presynaptic,5.1312841137604135,pre,175.78516824454536,0.1541545813384111,3.699709952121866
presynaptic,5.179546107440391,pre,123.37928550588383,0.14464526097338606,3.7607767853080376
presynaptic,5.179546107440391,pre,130.2927508573964,0.16049028491359102,3.6912765530125933
presynaptic,5.179546107440391,pre,136.52365761002886,0.1646380856769036,3.6220378848918795
presynaptic,5.179546107440391,pre,142.59758634825815,0.14121022889613155,3.6714659512994205
presynaptic,5.179546107440391,pre,149.67922631030055,0.14378263516343245,3.738348514249244
presynaptic,5.179546107440391,pre,156.63416908807991,0.16092081562356142,3.701178759341913
presynaptic,5.179546107440391,pre,162.8484055504359,0.1648998664464307,3.627797061821475
presynaptic,5.179546107440391,pre,168.91269184459648,0.14129788705248403,3.673745063364585
presynaptic,5.179546107440391,pre,175.98993851020697,0.1436490111825525,3.7348742907463643
presynaptic,5.227808101120368,pre,122.9648431012778,0.14294448126496054,3.716556512888974
presynaptic,5.227808101120368,pre,129.96056613409925,0.1546026259361809,3.555860396532161
presynaptic,5.227808101120368,pre,136.4287615735014,0.15558843008610126,3.7341223220664306
presynaptic,5.227808101120368,pre,142.8559746988386,0.16962189614983647,3.731681715296402
presynaptic,5.227808101120368,pre,148.75143998190939,0.1412361569366214,3.672140080352156
presynaptic,5.227808101120368,pre,155.83177990116067,0.16025199850855987,3.685795965696877
presynaptic,5.227808101120368,pre,162.07195168876297,0.16550872989764892,3.641192057748276
presynaptic,5.227808101120368,pre,168.11392905526444,0.14168273986313995,3.6837512364416387
presynaptic,5.227808101120368,pre,175.17195179653808,0.14563159570830758,3.64078989270769
presynaptic,5.276070094800345,pre,118.29393729481481,0.14554683473104432,3.638670868276108
presynaptic,5.276070094800345,pre,125.16457795043537,0.15917330453729772,3.6609860043578477
presynaptic,5.276070094800345,pre,131.4470384604242,0.15521425895870392,3.7251422150088938
presynaptic,5.276070094800345,pre,137.88974550750072,0.1536855183327378,3.6884524399857073
presynaptic,5.276070094800345,pre,144.3965394517092,0.1410152368220611,3.6663961573735886
presynaptic,5.276070094800345,pre,151.48797171488968,0.14643659651016208,3.660914912754052
presynaptic,5.276070094800345,pre,158.31686574706288,0.15959700094720303,3.6707310217856697
presynaptic,5.276070094800345,pre,164.58264764813265,0.15560706005743427,3.7345694413784223
presynaptic,5.276070094800345,pre,171.00909127884518,0.1538665732300353,3.6927977575208475
presynaptic,5.324332088480322,pre,122.73828179281213,0.1449860871979731,3.624652179949327
presynaptic,5.324332088480322,pre,129.63549530706152,0.15884585140428384,3.812300433702812
presynaptic,5.324332088480322,pre,135.93090680921568,0.15689005928935332,3.608471363655126
presynaptic,5.324332088480322,pre,142.30479693666916,0.15516131761565632,3.7238716227757522
presynaptic,5.324332088480322,pre,148.74970224790826,0.14165032504358177,3.682908451133126
presynaptic,5.324332088480322,pre,155.809340125141,0.15660455647821492,3.6019047989989432
presynaptic,5.324332088480322,pre,162.19485037138412,0.15678106442632514,3.7627455462318036
presynaptic,5.324332088480322,pre,168.5731716543725,0.1655854893698927,3.6428807661376394
presynaptic,5.324332088480322,pre,174.61234817766163,0.14182045080929404,3.687331721041645
presynaptic,5.372594082160298,pre,122.2003522732023,0.1595509345196264,3.6696714939514075
presynaptic,5.372594082160298,pre,128.46794326545054,0.1584641515394127,3.6446754854064927
presynaptic,5.372594082160298,pre,134.77851881383432,0.15628058830491473,3.7507341193179538
presynaptic,5.372594082160298,pre,141.17726616209058,0.1398644631608238,3.636476042181419
presynaptic,5.372594082160298,pre,148.32704515098317,0.15656074009639576,3.757457762313498
presynaptic,5.372594082160298,pre,154.7143424988642,0.15479474820353864,3.5602792086813886
presynaptic,5.372594082160298,pre,161.17450998907586,0.15533011834307273,3.7279228402337456
presynaptic,5.372594082160298,pre,167.61241147699806,0.14339352736086208,3.728231711382414
presynaptic,5.372594082160298,pre,174.5862269511332,0.15743113267594935,3.6209160515468355
presynaptic,5.420856075840276,pre,119.77172565670175,0.15505506921626672,3.7213216611904008
presynaptic,5.420856075840276,pre,126.22104721100209,0.15985934149477177,3.676764854379751
presynaptic,5.420856075840276,pre,132.4765465183898,0.1606432457366974,3.69479465194404
presynaptic,5.420856075840276,pre,138.70152034417424,0.154590817967215,3.7101796312131596
presynaptic,5.420856075840276,pre,145.17020983782888,0.15593580027034362,3.5865234062179034
presynaptic,5.420856075840276,pre,151.58310539014153,0.1408385323605365,3.6618018413739493
presynaptic,5.420856075840276,pre,158.68343498914695,0.15793182085457683,3.7903637005098436
presynaptic,5.420856075840276,pre,165.01528119081138,0.15959680937871246,3.670726615710387
presynaptic,5.420856075840276,pre,171.2810706128735,0.16586036557357006,3.6489280426185418
presynaptic,5.469118069520253,pre,121.10711160200285,0.16457800882653198,3.6207161941837036
presynaptic,5.469118069520253,pre,127.18325754112414,0.15673739161105235,3.7616973986652567
presynaptic,5.469118069520253,pre,133.5633560595525,0.1604495185794663,3.690338927327725
presynaptic,5.469118069520253,pre,139.79584593458273,0.1555485323723005,3.5776162445629116
presynaptic,5.469118069520253,pre,146.22470762005676,0.15626033878000659,3.750248130720158
presynaptic,5.469118069520253,pre,152.6242841716465,0.15184754757824884,3.644341141877972
presynaptic,5.469118069520253,pre,159.20983669421648,0.1588556331723761,3.6536795629646504
presynaptic,5.469118069520253,pre,165.50486054719428,0.15903288298809778,3.8167891917143466
presynaptic,5.469118069520253,pre,171.79286829257887,0.16689892653301977,3.671776383726435
presynaptic,5.51738006320023,pre,122.42823618965596,0.1601517848690731,3.6834910519886814
presynaptic,5.51738006320023,pre,128.67231271254653,0.16962567488094518,3.5621391724998483
presynaptic,5.51738006320023,pre,134.56764666303408,0.14549600199172827,3.782896051784935
presynaptic,5.51738006320023,pre,141.4406877522102,0.1516721700040424,3.640132080097018
presynaptic,5.51738006320023,pre,148.03385510765418,0.17650193300900388,3.7065405931890814
presynaptic,5.51738006320023,pre,153.69951543755542,0.15365257313191902,3.687661755166056
presynaptic,5.51738006320023,pre,160.20770452685525,0.15179543375089866,3.6430904100215673
presynaptic,5.51738006320023,pre,166.79551797611245,0.16047717717240725,3.6909750749653667
presynaptic,5.51738006320023,pre,173.02693366786318,0.16031704533313804,3.687292042662175
presynaptic,5.565642056880207,pre,119.87615961600854,0.15490305986264474,3.717673436703474
presynaptic,5.565642056880207,pre,126.33181001366187,0.15752331748986192,3.780559619756686
presynaptic,5.565642056880207,pre,132.68007651753587,0.16008538727678043,3.68196390736595
presynaptic,5.565642056880207,pre,138.92674285611332,0.1586196353817973,3.648251613781338
presynaptic,5.565642056880207,pre,145.23113258436481,0.15766771523601159,3.6263574504282663
presynaptic,5.565642056880207,pre,151.57358511818322,0.16195453681138242,3.7249543466617956
presynaptic,5.565642056880207,pre,157.7481574376029,0.1581167313645594,3.6366848213848657
presynaptic,5.565642056880207,pre,164.0725988257465,0.16071286808623103,3.696395965983314
presynaptic,5.565642056880207,pre,170.29487593341062,0.1602319863964291,3.685335687117869
presynaptic,5.613904050560184,pre,121.62991405567739,0.15706201316892782,3.6124263028853396
presynaptic,5.613904050560184,pre,127.9968259513275,0.16153508317143844,3.7153069129430842
presynaptic,5.613904050560184,pre,134.1874316102771,0.1627505128287058,3.7432617950602336
presynaptic,5.613904050560184,pre,140.33180549039196,0.16369658447965685,3.601324858552451
presynaptic,5.613904050560184,pre,146.44066844057937,0.16448278685494264,3.7831040976636805
presynaptic,5.613904050560184,pre,152.52033196720663,0.1659052039046485,3.649914485902267
presynaptic,5.613904050560184,pre,158.5478704437859,0.16313812369496292,3.5890387212891843
presynaptic,5.613904050560184,pre,164.677645491768,0.17743799295695858,3.7261978520961305
presynaptic,5.613904050560184,pre,170.31341708349566,0.15389959036679263,3.693590168803023
presynaptic,5.662166044240161,pre,122.7186260736416,0.15942937892119383,3.666875715187458
presynaptic,5.662166044240161,pre,128.99099573829608,0.1630024422149351,3.749056170943507
presynaptic,5.662166044240161,pre,135.12587314511063,0.17025690552316125,3.5753950159863863
presynaptic,5.662166044240161,pre,140.9993500353855,0.16723734987130054,3.679221697168612
presynaptic,5.662166044240161,pre,146.97887554669958,0.14656753592894958,3.664188398223739
presynaptic,5.662166044240161,pre,153.80166883214284,0.16221338924765233,3.7309079526960036
presynaptic,5.662166044240161,pre,159.96638806178234,0.1716746553489956,3.6051677623289073
presynaptic,5.662166044240161,pre,165.79135970926933,0.15299531869980756,3.8248829674951894
presynaptic,5.662166044240161,pre,172.32750740645542,0.16242484301814614,3.5733465463992147
presynaptic,5.7104280379201375,pre,120.27369154947213,0.16363591039906822,3.5999900287795006
presynaptic,5.7104280379201375,pre,126.38481958708468,0.1795890407581303,3.7713698559207365
presynaptic,5.7104280379201375,pre,131.95308809488742,0.16021653902981764,3.684980397685806
presynaptic,5.7104280379201375,pre,138.1946409711101,0.16250234951872086,3.73755403893058
presynaptic,5.7104280379201375,pre,144.3483981503858,0.16658394055185732,3.6648466921408613
presynaptic,5.7104280379201375,pre,150.3513777694728,0.16321467691672722,3.590722892167999
presynaptic,5.7104280379201375,pre,156.4782777449585,0.17237273687458735,3.7922002112409214
presynaptic,5.7104280379201375,pre,162.2796592054592,0.15442224446827676,3.551711622770366
presynaptic,5.7104280379201375,pre,168.75541017931215,0.16393806358303675,3.7705754624098455
presynaptic,5.758690031600115,pre,120.15370121793568,0.16809096665709922,3.6980012664561825
presynaptic,5.758690031600115,pre,126.10286088955546,0.162503964645209,3.7375911868398073
presynaptic,5.758690031600115,pre,132.25655690665434,0.17430787410269588,3.660465356156614
presynaptic,5.758690031600115,pre,137.99353238838637,0.1597164851022908,3.6734791573526886
presynaptic,5.758690031600115,pre,144.25462684810697,0.16275857292013224,3.7434471771630418
presynaptic,5.758690031600115,pre,150.39869644799657,0.16293725258331193,3.5846195568328625
presynaptic,5.758690031600115,pre,156.53602836040676,0.18065128845614656,3.7936770575790777
presynaptic,5.758690031600115,pre,162.07155489080708,0.1602181700303069,3.6850179106970584
presynaptic,5.758690031600115,pre,168.31304422881936,0.1620734413630801,3.7276891513508423
presynaptic,5.806952025280092,pre,118.17551361121568,0.15049979102359887,3.762494775589972
presynaptic,5.806952025280092,pre,124.82004110988308,0.17074646293602116,3.5856757216564445
presynaptic,5.806952025280092,pre,130.67667780270114,0.14809814281150657,3.7024535702876644
presynaptic,5.806952025280092,pre,137.42895694014285,0.16284865761527076,3.745519125151227
presynaptic,5.806952025280092,pre,143.56962776079214,0.16273912277949806,3.5802607011489576
presynaptic,5.806952025280092,pre,149.71443168329418,0.18196027185909577,3.8211657090410114
presynaptic,5.806952025280092,pre,155.21013681597483,0.1620650335426902,3.565430737939184
presynaptic,5.806952025280092,pre,161.38049928183386,0.16527551961092615,3.8013369510513018
presynaptic,5.806952025280092,pre,167.43100211706374,0.16300836800762952,3.5861840961678495
presynaptic,5.855214018960069,pre,119.17436191611681,0.16209929228044082,3.7282837224501386
presynaptic,5.855214018960069,pre,125.34342031194215,0.17200391765225811,3.61208227069742
presynaptic,5.855214018960069,pre,131.15724137863268,0.14771991447212648,3.6929978618031623
presynaptic,5.855214018960069,pre,137.9268093381964,0.16373929014035923,3.602264383087903
presynaptic,5.855214018960069,pre,144.0340790053776,0.16158874650688296,3.716541169658308
presynaptic,5.855214018960069,pre,150.22262877519344,0.18347443857904058,3.6694887715808115
presynaptic,5.855214018960069,pre,155.67297928584074,0.16330341870478635,3.755978630210086
presynaptic,5.855214018960069,pre,161.79654980219203,0.16301138263577697,3.5862504179870935
presynaptic,5.855214018960069,pre,167.93109073933837,0.18358341805726267,3.671668361145253
presynaptic,5.903476012640046,pre,119.07192815721896,0.16219245741622718,3.730426520573225
presynaptic,5.903476012640046,pre,125.23744297788504,0.17713118643854414,3.719754915209427
presynaptic,5.903476012640046,pre,130.88297621292014,0.17976958788349953,3.595391757669991
presynaptic,5.903476012640046,pre,136.4456523684001,0.16245541864779725,3.736474628899337
presynaptic,5.903476012640046,pre,142.60118727344377,0.16188242940452366,3.7232958763040442
presynaptic,5.903476012640046,pre,148.77850993704877,0.17254689822514505,3.623484862728046
presynaptic,5.903476012640046,pre,154.5740357348824,0.16085955903614563,3.6997698578313494
presynaptic,5.903476012640046,pre,160.7906386274422,0.15344297781639069,3.6826314675933762
presynaptic,5.903476012640046,pre,167.307717572538,0.16708864360310097,3.675950159268221
presynaptic,5.951738006320023,pre,119.02284614165508,0.1579980189570724,3.791952454969738
presynaptic,5.951738006320023,pre,125.35203942269044,0.17025203926469634,3.575292824558623
presynaptic,5.951738006320023,pre,131.22568419263806,0.14915009130476964,3.728752282619241
presynaptic,5.951738006320023,pre,137.93033982678463,0.159399102328688,3.6661793535598237
presynaptic,5.951738006320023,pre,144.20390087820107,0.17238688670245533,3.6201246207515623
presynaptic,5.951738006320023,pre,150.0048061508047,0.1702343862472261,3.7451564974389737
presynaptic,5.951738006320023,pre,155.8790600077648,0.1480958636779232,3.70239659194808
presynaptic,5.951738006320023,pre,162.6314430599666,0.16032045594296893,3.6873704866882853
presynaptic,5.951738006320023,pre,168.86895027087257,0.17106399506846634,3.5923438964377934
presynaptic,6.0,pre,118.83304974604135,0.16334785036917743,3.5936527081219034
presynaptic,6.0,pre,124.95495461188398,0.17324304488847395,3.638103942657953
presynaptic,6.0,pre,130.72719211004014,0.1617710566425808,3.7207343027793587
presynaptic,6.0,pre,136.90876760787108,0.1561627011512265,3.7479048276294358
presynaptic,6.0,pre,143.31234536765643,0.16222144051782078,3.568871691392057
presynaptic,6.0,pre,149.47675863391729,0.17286067842115047,3.8029349252653106
presynaptic,6.0,pre,155.26176427622792,0.15996113246331947,3.6791060466563477
presynaptic,6.0,pre,161.5132829082888,0.15804235144916207,3.634974083330728
presynaptic,6.0,pre,167.840700786032,0.17283419009478573,3.6295179919905003
